date,company_id,company_name,channel,impressions,clicks,conversions,cost,revenue_generated,conversion_rate,click_through_rate
2026-01-01,C001,AlphaFlow,SEO,108,17,0,98.06,0.00,0.0000,0.1574
2026-01-01,C001,AlphaFlow,Paid Search,452,24,0,50.68,0.00,0.0000,0.0531
2026-01-01,C001,AlphaFlow,Content,372,23,0,78.45,0.00,0.0000,0.0618
2026-01-01,C001,AlphaFlow,LinkedIn Ads,405,20,0,55.75,0.00,0.0000,0.0494
2026-01-01,C001,AlphaFlow,Partnerships,85,5,0,47.07,0.00,0.0000,0.0588
2026-01-01,C001,AlphaFlow,Outbound Sales,419,25,0,55.75,0.00,0.0000,0.0597
2026-01-01,C001,AlphaFlow,Referral,322,30,1,70.45,386.57,0.0333,0.0932
2026-01-02,C001,AlphaFlow,SEO,521,8,0,118.49,0.00,0.0000,0.0154
2026-01-02,C001,AlphaFlow,Paid Search,421,22,0,61.24,0.00,0.0000,0.0523
2026-01-02,C001,AlphaFlow,Content,217,14,0,94.79,0.00,0.0000,0.0645
2026-01-02,C001,AlphaFlow,LinkedIn Ads,323,18,0,67.36,0.00,0.0000,0.0557
2026-01-02,C001,AlphaFlow,Partnerships,419,1,0,56.88,0.00,0.0000,0.0024
2026-01-02,C001,AlphaFlow,Outbound Sales,568,4,0,67.36,0.00,0.0000,0.0070
2026-01-02,C001,AlphaFlow,Referral,391,30,1,85.13,388.91,0.0333,0.0767
2026-01-03,C001,AlphaFlow,SEO,439,12,0,117.42,0.00,0.0000,0.0273
2026-01-03,C001,AlphaFlow,Paid Search,516,4,0,60.69,0.00,0.0000,0.0078
2026-01-03,C001,AlphaFlow,Content,205,25,0,93.94,0.00,0.0000,0.1220
2026-01-03,C001,AlphaFlow,LinkedIn Ads,346,24,0,66.75,0.00,0.0000,0.0694
2026-01-03,C001,AlphaFlow,Partnerships,249,1,0,56.36,0.00,0.0000,0.0040
2026-01-03,C001,AlphaFlow,Outbound Sales,386,14,0,66.75,0.00,0.0000,0.0363
2026-01-03,C001,AlphaFlow,Referral,537,74,1,84.37,506.11,0.0135,0.1378
2026-01-04,C001,AlphaFlow,SEO,569,1,0,97.92,0.00,0.0000,0.0018
2026-01-04,C001,AlphaFlow,Paid Search,272,2,0,50.60,0.00,0.0000,0.0074
2026-01-04,C001,AlphaFlow,Content,350,18,0,78.33,0.00,0.0000,0.0514
2026-01-04,C001,AlphaFlow,LinkedIn Ads,421,18,0,55.67,0.00,0.0000,0.0428
2026-01-04,C001,AlphaFlow,Partnerships,226,12,0,47.00,0.00,0.0000,0.0531
2026-01-04,C001,AlphaFlow,Outbound Sales,91,2,0,55.67,0.00,0.0000,0.0220
2026-01-04,C001,AlphaFlow,Referral,549,76,1,70.34,480.33,0.0132,0.1384
2026-01-05,C001,AlphaFlow,SEO,406,17,0,98.22,0.00,0.0000,0.0419
2026-01-05,C001,AlphaFlow,Paid Search,403,17,0,50.76,0.00,0.0000,0.0422
2026-01-05,C001,AlphaFlow,Content,242,3,0,78.57,0.00,0.0000,0.0124
2026-01-05,C001,AlphaFlow,LinkedIn Ads,370,20,0,55.84,0.00,0.0000,0.0541
2026-01-05,C001,AlphaFlow,Partnerships,533,20,0,47.14,0.00,0.0000,0.0375
2026-01-05,C001,AlphaFlow,Outbound Sales,253,8,0,55.84,0.00,0.0000,0.0316
2026-01-05,C001,AlphaFlow,Referral,415,33,1,70.55,392.01,0.0303,0.0795
2026-01-06,C001,AlphaFlow,SEO,415,33,1,389.06,432.75,0.0303,0.0795
2026-01-06,C001,AlphaFlow,Paid Search,306,11,0,201.07,0.00,0.0000,0.0359
2026-01-06,C001,AlphaFlow,Content,356,33,1,311.25,570.82,0.0303,0.0927
2026-01-06,C001,AlphaFlow,LinkedIn Ads,266,5,0,221.18,0.00,0.0000,0.0188
2026-01-06,C001,AlphaFlow,Partnerships,347,13,0,186.75,0.00,0.0000,0.0375
2026-01-06,C001,AlphaFlow,Outbound Sales,322,15,0,221.18,0.00,0.0000,0.0466
2026-01-06,C001,AlphaFlow,Referral,1051,75,2,279.47,1099.11,0.0267,0.0714
2026-01-07,C001,AlphaFlow,SEO,505,16,0,208.64,0.00,0.0000,0.0317
2026-01-07,C001,AlphaFlow,Paid Search,270,8,0,107.83,0.00,0.0000,0.0296
2026-01-07,C001,AlphaFlow,Content,412,11,0,166.91,0.00,0.0000,0.0267
2026-01-07,C001,AlphaFlow,LinkedIn Ads,346,6,0,118.61,0.00,0.0000,0.0173
2026-01-07,C001,AlphaFlow,Partnerships,302,21,0,100.15,0.00,0.0000,0.0695
2026-01-07,C001,AlphaFlow,Outbound Sales,217,10,0,118.61,0.00,0.0000,0.0461
2026-01-07,C001,AlphaFlow,Referral,680,45,2,149.88,872.93,0.0444,0.0662
2026-01-08,C001,AlphaFlow,SEO,406,18,0,115.56,0.00,0.0000,0.0443
2026-01-08,C001,AlphaFlow,Paid Search,434,25,0,59.72,0.00,0.0000,0.0576
2026-01-08,C001,AlphaFlow,Content,278,25,0,92.45,0.00,0.0000,0.0899
2026-01-08,C001,AlphaFlow,LinkedIn Ads,322,2,0,65.69,0.00,0.0000,0.0062
2026-01-08,C001,AlphaFlow,Partnerships,573,7,0,55.47,0.00,0.0000,0.0122
2026-01-08,C001,AlphaFlow,Outbound Sales,297,18,0,65.69,0.00,0.0000,0.0606
2026-01-08,C001,AlphaFlow,Referral,365,28,1,83.02,504.90,0.0357,0.0767
2026-01-09,C001,AlphaFlow,SEO,302,40,1,397.27,465.17,0.0250,0.1325
2026-01-09,C001,AlphaFlow,Paid Search,559,4,0,205.31,0.00,0.0000,0.0072
2026-01-09,C001,AlphaFlow,Content,428,57,1,317.81,495.89,0.0175,0.1332
2026-01-09,C001,AlphaFlow,LinkedIn Ads,553,17,0,225.84,0.00,0.0000,0.0307
2026-01-09,C001,AlphaFlow,Partnerships,370,7,0,190.69,0.00,0.0000,0.0189
2026-01-09,C001,AlphaFlow,Outbound Sales,374,2,0,225.84,0.00,0.0000,0.0053
2026-01-09,C001,AlphaFlow,Referral,701,90,2,285.39,795.01,0.0222,0.1284
2026-01-10,C001,AlphaFlow,SEO,516,6,0,196.17,0.00,0.0000,0.0116
2026-01-10,C001,AlphaFlow,Paid Search,493,24,0,101.38,0.00,0.0000,0.0487
2026-01-10,C001,AlphaFlow,Content,318,13,0,156.93,0.00,0.0000,0.0409
2026-01-10,C001,AlphaFlow,LinkedIn Ads,515,21,0,111.52,0.00,0.0000,0.0408
2026-01-10,C001,AlphaFlow,Partnerships,124,17,0,94.16,0.00,0.0000,0.1371
2026-01-10,C001,AlphaFlow,Outbound Sales,231,13,0,111.52,0.00,0.0000,0.0563
2026-01-10,C001,AlphaFlow,Referral,609,37,2,140.93,825.42,0.0541,0.0608
2026-01-11,C001,AlphaFlow,SEO,0,0,0,118.09,0.00,0.0000,0.0000
2026-01-11,C001,AlphaFlow,Paid Search,123,2,0,61.03,0.00,0.0000,0.0163
2026-01-11,C001,AlphaFlow,Content,328,4,0,94.47,0.00,0.0000,0.0122
2026-01-11,C001,AlphaFlow,LinkedIn Ads,364,22,0,67.13,0.00,0.0000,0.0604
2026-01-11,C001,AlphaFlow,Partnerships,250,3,0,56.68,0.00,0.0000,0.0120
2026-01-11,C001,AlphaFlow,Outbound Sales,485,21,0,67.13,0.00,0.0000,0.0433
2026-01-11,C001,AlphaFlow,Referral,464,23,1,84.85,541.10,0.0435,0.0496
2026-01-12,C001,AlphaFlow,SEO,436,1,0,232.24,0.00,0.0000,0.0023
2026-01-12,C001,AlphaFlow,Paid Search,0,0,0,120.02,0.00,0.0000,0.0000
2026-01-12,C001,AlphaFlow,Content,570,20,0,185.79,0.00,0.0000,0.0351
2026-01-12,C001,AlphaFlow,LinkedIn Ads,583,8,0,132.03,0.00,0.0000,0.0137
2026-01-12,C001,AlphaFlow,Partnerships,175,7,0,111.48,0.00,0.0000,0.0400
2026-01-12,C001,AlphaFlow,Outbound Sales,489,21,0,132.03,0.00,0.0000,0.0429
2026-01-12,C001,AlphaFlow,Referral,796,55,2,166.83,825.61,0.0364,0.0691
2026-01-13,C001,AlphaFlow,SEO,329,2,0,233.23,0.00,0.0000,0.0061
2026-01-13,C001,AlphaFlow,Paid Search,602,20,0,120.53,0.00,0.0000,0.0332
2026-01-13,C001,AlphaFlow,Content,400,7,0,186.58,0.00,0.0000,0.0175
2026-01-13,C001,AlphaFlow,LinkedIn Ads,441,23,0,132.59,0.00,0.0000,0.0522
2026-01-13,C001,AlphaFlow,Partnerships,300,23,0,111.95,0.00,0.0000,0.0767
2026-01-13,C001,AlphaFlow,Outbound Sales,307,6,0,132.59,0.00,0.0000,0.0195
2026-01-13,C001,AlphaFlow,Referral,665,64,2,167.54,955.27,0.0312,0.0962
2026-01-14,C001,AlphaFlow,SEO,134,8,0,205.67,0.00,0.0000,0.0597
2026-01-14,C001,AlphaFlow,Paid Search,606,24,0,106.29,0.00,0.0000,0.0396
2026-01-14,C001,AlphaFlow,Content,278,10,0,164.53,0.00,0.0000,0.0360
2026-01-14,C001,AlphaFlow,LinkedIn Ads,492,2,0,116.92,0.00,0.0000,0.0041
2026-01-14,C001,AlphaFlow,Partnerships,416,25,0,98.72,0.00,0.0000,0.0601
2026-01-14,C001,AlphaFlow,Outbound Sales,330,19,0,116.92,0.00,0.0000,0.0576
2026-01-14,C001,AlphaFlow,Referral,728,94,2,147.75,1094.48,0.0213,0.1291
2026-01-15,C001,AlphaFlow,SEO,534,30,1,341.85,423.70,0.0333,0.0562
2026-01-15,C001,AlphaFlow,Paid Search,87,5,0,176.67,0.00,0.0000,0.0575
2026-01-15,C001,AlphaFlow,Content,390,14,1,273.48,515.46,0.0714,0.0359
2026-01-15,C001,AlphaFlow,LinkedIn Ads,290,8,0,194.34,0.00,0.0000,0.0276
2026-01-15,C001,AlphaFlow,Partnerships,157,4,0,164.09,0.00,0.0000,0.0255
2026-01-15,C001,AlphaFlow,Outbound Sales,538,9,0,194.34,0.00,0.0000,0.0167
2026-01-15,C001,AlphaFlow,Referral,456,49,1,245.57,472.62,0.0204,0.1075
2026-01-16,C001,AlphaFlow,SEO,122,21,0,108.78,0.00,0.0000,0.1721
2026-01-16,C001,AlphaFlow,Paid Search,283,24,0,56.22,0.00,0.0000,0.0848
2026-01-16,C001,AlphaFlow,Content,544,18,0,87.03,0.00,0.0000,0.0331
2026-01-16,C001,AlphaFlow,LinkedIn Ads,418,10,0,61.84,0.00,0.0000,0.0239
2026-01-16,C001,AlphaFlow,Partnerships,499,9,0,52.22,0.00,0.0000,0.0180
2026-01-16,C001,AlphaFlow,Outbound Sales,208,10,0,61.84,0.00,0.0000,0.0481
2026-01-16,C001,AlphaFlow,Referral,371,33,1,78.15,505.23,0.0303,0.0889
2026-01-17,C001,AlphaFlow,SEO,359,6,0,106.74,0.00,0.0000,0.0167
2026-01-17,C001,AlphaFlow,Paid Search,112,3,0,55.16,0.00,0.0000,0.0268
2026-01-17,C001,AlphaFlow,Content,111,17,0,85.39,0.00,0.0000,0.1532
2026-01-17,C001,AlphaFlow,LinkedIn Ads,214,14,0,60.68,0.00,0.0000,0.0654
2026-01-17,C001,AlphaFlow,Partnerships,381,22,0,51.23,0.00,0.0000,0.0577
2026-01-17,C001,AlphaFlow,Outbound Sales,476,4,0,60.68,0.00,0.0000,0.0084
2026-01-17,C001,AlphaFlow,Referral,429,48,1,76.69,548.04,0.0208,0.1119
2026-01-18,C001,AlphaFlow,SEO,590,9,0,123.39,0.00,0.0000,0.0153
2026-01-18,C001,AlphaFlow,Paid Search,490,24,0,63.77,0.00,0.0000,0.0490
2026-01-18,C001,AlphaFlow,Content,490,18,0,98.71,0.00,0.0000,0.0367
2026-01-18,C001,AlphaFlow,LinkedIn Ads,492,22,0,70.15,0.00,0.0000,0.0447
2026-01-18,C001,AlphaFlow,Partnerships,132,15,0,59.23,0.00,0.0000,0.1136
2026-01-18,C001,AlphaFlow,Outbound Sales,196,14,0,70.15,0.00,0.0000,0.0714
2026-01-18,C001,AlphaFlow,Referral,387,42,1,88.64,549.48,0.0238,0.1085
2026-01-19,C001,AlphaFlow,SEO,479,10,0,207.85,0.00,0.0000,0.0209
2026-01-19,C001,AlphaFlow,Paid Search,133,17,0,107.42,0.00,0.0000,0.1278
2026-01-19,C001,AlphaFlow,Content,179,7,0,166.28,0.00,0.0000,0.0391
2026-01-19,C001,AlphaFlow,LinkedIn Ads,264,14,0,118.16,0.00,0.0000,0.0530
2026-01-19,C001,AlphaFlow,Partnerships,456,9,0,99.77,0.00,0.0000,0.0197
2026-01-19,C001,AlphaFlow,Outbound Sales,289,25,0,118.16,0.00,0.0000,0.0865
2026-01-19,C001,AlphaFlow,Referral,547,69,2,149.32,1021.03,0.0290,0.1261
2026-01-20,C001,AlphaFlow,SEO,388,14,0,114.77,0.00,0.0000,0.0361
2026-01-20,C001,AlphaFlow,Paid Search,404,18,0,59.32,0.00,0.0000,0.0446
2026-01-20,C001,AlphaFlow,Content,479,6,0,91.82,0.00,0.0000,0.0125
2026-01-20,C001,AlphaFlow,LinkedIn Ads,391,9,0,65.25,0.00,0.0000,0.0230
2026-01-20,C001,AlphaFlow,Partnerships,151,21,0,55.09,0.00,0.0000,0.1391
2026-01-20,C001,AlphaFlow,Outbound Sales,339,24,0,65.25,0.00,0.0000,0.0708
2026-01-20,C001,AlphaFlow,Referral,355,36,1,82.44,420.79,0.0278,0.1014
2026-01-21,C001,AlphaFlow,SEO,556,25,0,200.39,0.00,0.0000,0.0450
2026-01-21,C001,AlphaFlow,Paid Search,515,10,0,103.56,0.00,0.0000,0.0194
2026-01-21,C001,AlphaFlow,Content,609,16,0,160.31,0.00,0.0000,0.0263
2026-01-21,C001,AlphaFlow,LinkedIn Ads,397,15,0,113.92,0.00,0.0000,0.0378
2026-01-21,C001,AlphaFlow,Partnerships,315,4,0,96.19,0.00,0.0000,0.0127
2026-01-21,C001,AlphaFlow,Outbound Sales,479,25,0,113.92,0.00,0.0000,0.0522
2026-01-21,C001,AlphaFlow,Referral,736,46,2,143.96,926.29,0.0435,0.0625
2026-01-22,C001,AlphaFlow,SEO,0,0,0,120.14,0.00,0.0000,0.0000
2026-01-22,C001,AlphaFlow,Paid Search,164,20,0,62.09,0.00,0.0000,0.1220
2026-01-22,C001,AlphaFlow,Content,226,3,0,96.11,0.00,0.0000,0.0133
2026-01-22,C001,AlphaFlow,LinkedIn Ads,225,7,0,68.30,0.00,0.0000,0.0311
2026-01-22,C001,AlphaFlow,Partnerships,526,17,0,57.67,0.00,0.0000,0.0323
2026-01-22,C001,AlphaFlow,Outbound Sales,512,15,0,68.30,0.00,0.0000,0.0293
2026-01-22,C001,AlphaFlow,Referral,333,35,1,86.30,460.78,0.0286,0.1051
2026-01-23,C001,AlphaFlow,SEO,543,39,1,580.81,426.03,0.0256,0.0718
2026-01-23,C001,AlphaFlow,Paid Search,855,103,1,300.17,506.29,0.0097,0.1205
2026-01-23,C001,AlphaFlow,Content,429,26,1,464.65,437.99,0.0385,0.0606
2026-01-23,C001,AlphaFlow,LinkedIn Ads,777,43,1,330.18,483.77,0.0233,0.0553
2026-01-23,C001,AlphaFlow,Partnerships,790,46,1,278.79,399.41,0.0217,0.0582
2026-01-23,C001,AlphaFlow,Outbound Sales,217,4,0,330.18,0.00,0.0000,0.0184
2026-01-23,C001,AlphaFlow,Referral,0,0,0,417.24,0.00,0.0000,0.0000
2026-01-24,C001,AlphaFlow,SEO,148,3,0,96.68,0.00,0.0000,0.0203
2026-01-24,C001,AlphaFlow,Paid Search,322,16,0,49.96,0.00,0.0000,0.0497
2026-01-24,C001,AlphaFlow,Content,404,16,0,77.34,0.00,0.0000,0.0396
2026-01-24,C001,AlphaFlow,LinkedIn Ads,528,12,0,54.96,0.00,0.0000,0.0227
2026-01-24,C001,AlphaFlow,Partnerships,411,2,0,46.40,0.00,0.0000,0.0049
2026-01-24,C001,AlphaFlow,Outbound Sales,429,17,0,54.96,0.00,0.0000,0.0396
2026-01-24,C001,AlphaFlow,Referral,429,28,1,69.45,494.40,0.0357,0.0653
2026-01-25,C001,AlphaFlow,SEO,466,26,1,460.60,553.03,0.0385,0.0558
2026-01-25,C001,AlphaFlow,Paid Search,200,23,0,238.04,0.00,0.0000,0.1150
2026-01-25,C001,AlphaFlow,Content,326,44,1,368.48,560.27,0.0227,0.1350
2026-01-25,C001,AlphaFlow,LinkedIn Ads,464,3,0,261.85,0.00,0.0000,0.0065
2026-01-25,C001,AlphaFlow,Partnerships,215,10,0,221.09,0.00,0.0000,0.0465
2026-01-25,C001,AlphaFlow,Outbound Sales,155,23,0,261.85,0.00,0.0000,0.1484
2026-01-25,C001,AlphaFlow,Referral,860,61,2,330.89,948.13,0.0328,0.0709
2026-01-26,C001,AlphaFlow,SEO,284,18,1,319.20,536.26,0.0556,0.0634
2026-01-26,C001,AlphaFlow,Paid Search,125,19,0,164.97,0.00,0.0000,0.1520
2026-01-26,C001,AlphaFlow,Content,458,17,1,255.36,514.57,0.0588,0.0371
2026-01-26,C001,AlphaFlow,LinkedIn Ads,494,4,0,181.46,0.00,0.0000,0.0081
2026-01-26,C001,AlphaFlow,Partnerships,316,16,0,153.22,0.00,0.0000,0.0506
2026-01-26,C001,AlphaFlow,Outbound Sales,176,10,0,181.46,0.00,0.0000,0.0568
2026-01-26,C001,AlphaFlow,Referral,296,33,1,229.31,508.61,0.0303,0.1115
2026-01-27,C001,AlphaFlow,SEO,206,13,0,109.07,0.00,0.0000,0.0631
2026-01-27,C001,AlphaFlow,Paid Search,306,1,0,56.37,0.00,0.0000,0.0033
2026-01-27,C001,AlphaFlow,Content,226,6,0,87.26,0.00,0.0000,0.0265
2026-01-27,C001,AlphaFlow,LinkedIn Ads,272,13,0,62.01,0.00,0.0000,0.0478
2026-01-27,C001,AlphaFlow,Partnerships,463,21,0,52.36,0.00,0.0000,0.0454
2026-01-27,C001,AlphaFlow,Outbound Sales,402,2,0,62.01,0.00,0.0000,0.0050
2026-01-27,C001,AlphaFlow,Referral,422,46,1,78.35,428.86,0.0217,0.1090
2026-01-28,C001,AlphaFlow,SEO,201,13,0,123.78,0.00,0.0000,0.0647
2026-01-28,C001,AlphaFlow,Paid Search,436,9,0,63.97,0.00,0.0000,0.0206
2026-01-28,C001,AlphaFlow,Content,294,16,0,99.02,0.00,0.0000,0.0544
2026-01-28,C001,AlphaFlow,LinkedIn Ads,325,4,0,70.37,0.00,0.0000,0.0123
2026-01-28,C001,AlphaFlow,Partnerships,181,24,0,59.41,0.00,0.0000,0.1326
2026-01-28,C001,AlphaFlow,Outbound Sales,563,24,0,70.37,0.00,0.0000,0.0426
2026-01-28,C001,AlphaFlow,Referral,514,52,1,88.93,435.85,0.0192,0.1012
2026-01-29,C001,AlphaFlow,SEO,488,47,1,329.57,474.05,0.0213,0.0963
2026-01-29,C001,AlphaFlow,Paid Search,167,9,0,170.32,0.00,0.0000,0.0539
2026-01-29,C001,AlphaFlow,Content,277,26,1,263.65,464.79,0.0385,0.0939
2026-01-29,C001,AlphaFlow,LinkedIn Ads,286,14,0,187.36,0.00,0.0000,0.0490
2026-01-29,C001,AlphaFlow,Partnerships,434,3,0,158.19,0.00,0.0000,0.0069
2026-01-29,C001,AlphaFlow,Outbound Sales,550,22,0,187.36,0.00,0.0000,0.0400
2026-01-29,C001,AlphaFlow,Referral,407,40,1,236.76,446.15,0.0250,0.0983
2026-01-30,C001,AlphaFlow,SEO,478,3,0,113.61,0.00,0.0000,0.0063
2026-01-30,C001,AlphaFlow,Paid Search,425,4,0,58.71,0.00,0.0000,0.0094
2026-01-30,C001,AlphaFlow,Content,501,20,0,90.89,0.00,0.0000,0.0399
2026-01-30,C001,AlphaFlow,LinkedIn Ads,436,20,0,64.58,0.00,0.0000,0.0459
2026-01-30,C001,AlphaFlow,Partnerships,196,21,0,54.53,0.00,0.0000,0.1071
2026-01-30,C001,AlphaFlow,Outbound Sales,304,5,0,64.58,0.00,0.0000,0.0164
2026-01-30,C001,AlphaFlow,Referral,479,26,1,81.62,400.94,0.0385,0.0543
2026-01-31,C001,AlphaFlow,SEO,238,24,0,111.92,0.00,0.0000,0.1008
2026-01-31,C001,AlphaFlow,Paid Search,268,19,0,57.84,0.00,0.0000,0.0709
2026-01-31,C001,AlphaFlow,Content,385,14,0,89.53,0.00,0.0000,0.0364
2026-01-31,C001,AlphaFlow,LinkedIn Ads,585,25,0,63.62,0.00,0.0000,0.0427
2026-01-31,C001,AlphaFlow,Partnerships,566,14,0,53.72,0.00,0.0000,0.0247
2026-01-31,C001,AlphaFlow,Outbound Sales,289,5,0,63.62,0.00,0.0000,0.0173
2026-01-31,C001,AlphaFlow,Referral,291,21,1,80.41,468.50,0.0476,0.0722
2026-02-01,C001,AlphaFlow,SEO,244,14,0,111.22,0.00,0.0000,0.0574
2026-02-01,C001,AlphaFlow,Paid Search,118,11,0,57.48,0.00,0.0000,0.0932
2026-02-01,C001,AlphaFlow,Content,465,2,0,88.98,0.00,0.0000,0.0043
2026-02-01,C001,AlphaFlow,LinkedIn Ads,239,10,0,63.23,0.00,0.0000,0.0418
2026-02-01,C001,AlphaFlow,Partnerships,564,4,0,53.39,0.00,0.0000,0.0071
2026-02-01,C001,AlphaFlow,Outbound Sales,517,4,0,63.23,0.00,0.0000,0.0077
2026-02-01,C001,AlphaFlow,Referral,336,22,1,79.90,418.26,0.0455,0.0655
2026-02-02,C001,AlphaFlow,SEO,345,18,0,120.55,0.00,0.0000,0.0522
2026-02-02,C001,AlphaFlow,Paid Search,524,18,0,62.30,0.00,0.0000,0.0344
2026-02-02,C001,AlphaFlow,Content,615,16,0,96.44,0.00,0.0000,0.0260
2026-02-02,C001,AlphaFlow,LinkedIn Ads,477,1,0,68.53,0.00,0.0000,0.0021
2026-02-02,C001,AlphaFlow,Partnerships,337,11,0,57.87,0.00,0.0000,0.0326
2026-02-02,C001,AlphaFlow,Outbound Sales,226,10,0,68.53,0.00,0.0000,0.0442
2026-02-02,C001,AlphaFlow,Referral,413,49,1,86.62,541.06,0.0204,0.1186
2026-02-03,C001,AlphaFlow,SEO,381,1,0,101.52,0.00,0.0000,0.0026
2026-02-03,C001,AlphaFlow,Paid Search,496,9,0,52.47,0.00,0.0000,0.0181
2026-02-03,C001,AlphaFlow,Content,378,6,0,81.21,0.00,0.0000,0.0159
2026-02-03,C001,AlphaFlow,LinkedIn Ads,459,3,0,57.71,0.00,0.0000,0.0065
2026-02-03,C001,AlphaFlow,Partnerships,281,10,0,48.73,0.00,0.0000,0.0356
2026-02-03,C001,AlphaFlow,Outbound Sales,189,25,0,57.71,0.00,0.0000,0.1323
2026-02-03,C001,AlphaFlow,Referral,273,26,1,72.93,481.96,0.0385,0.0952
2026-02-04,C001,AlphaFlow,SEO,548,11,0,210.26,0.00,0.0000,0.0201
2026-02-04,C001,AlphaFlow,Paid Search,146,8,0,108.67,0.00,0.0000,0.0548
2026-02-04,C001,AlphaFlow,Content,264,21,0,168.21,0.00,0.0000,0.0795
2026-02-04,C001,AlphaFlow,LinkedIn Ads,210,1,0,119.53,0.00,0.0000,0.0048
2026-02-04,C001,AlphaFlow,Partnerships,131,18,0,100.93,0.00,0.0000,0.1374
2026-02-04,C001,AlphaFlow,Outbound Sales,182,24,0,119.53,0.00,0.0000,0.1319
2026-02-04,C001,AlphaFlow,Referral,817,62,2,151.05,853.23,0.0323,0.0759
2026-02-05,C001,AlphaFlow,SEO,285,33,1,222.55,461.38,0.0303,0.1158
2026-02-05,C001,AlphaFlow,Paid Search,299,15,0,115.02,0.00,0.0000,0.0502
2026-02-05,C001,AlphaFlow,Content,183,14,0,178.04,0.00,0.0000,0.0765
2026-02-05,C001,AlphaFlow,LinkedIn Ads,168,22,0,126.52,0.00,0.0000,0.1310
2026-02-05,C001,AlphaFlow,Partnerships,280,22,0,106.83,0.00,0.0000,0.0786
2026-02-05,C001,AlphaFlow,Outbound Sales,326,4,0,126.52,0.00,0.0000,0.0123
2026-02-05,C001,AlphaFlow,Referral,257,23,1,159.88,465.76,0.0435,0.0895
2026-02-06,C001,AlphaFlow,SEO,465,39,1,294.39,528.36,0.0256,0.0839
2026-02-06,C001,AlphaFlow,Paid Search,175,20,0,152.14,0.00,0.0000,0.1143
2026-02-06,C001,AlphaFlow,Content,353,44,1,235.51,483.17,0.0227,0.1246
2026-02-06,C001,AlphaFlow,LinkedIn Ads,152,16,0,167.36,0.00,0.0000,0.1053
2026-02-06,C001,AlphaFlow,Partnerships,332,22,0,141.31,0.00,0.0000,0.0663
2026-02-06,C001,AlphaFlow,Outbound Sales,289,8,0,167.36,0.00,0.0000,0.0277
2026-02-06,C001,AlphaFlow,Referral,415,19,1,211.47,496.26,0.0526,0.0458
2026-02-07,C001,AlphaFlow,SEO,437,56,1,339.32,543.58,0.0179,0.1281
2026-02-07,C001,AlphaFlow,Paid Search,352,1,0,175.36,0.00,0.0000,0.0028
2026-02-07,C001,AlphaFlow,Content,374,38,1,271.46,553.22,0.0263,0.1016
2026-02-07,C001,AlphaFlow,LinkedIn Ads,502,7,0,192.90,0.00,0.0000,0.0139
2026-02-07,C001,AlphaFlow,Partnerships,570,15,0,162.87,0.00,0.0000,0.0263
2026-02-07,C001,AlphaFlow,Outbound Sales,456,23,0,192.90,0.00,0.0000,0.0504
2026-02-07,C001,AlphaFlow,Referral,289,21,1,243.76,390.83,0.0476,0.0727
2026-02-08,C001,AlphaFlow,SEO,347,13,0,200.63,0.00,0.0000,0.0375
2026-02-08,C001,AlphaFlow,Paid Search,423,23,0,103.69,0.00,0.0000,0.0544
2026-02-08,C001,AlphaFlow,Content,598,9,0,160.50,0.00,0.0000,0.0151
2026-02-08,C001,AlphaFlow,LinkedIn Ads,447,6,0,114.06,0.00,0.0000,0.0134
2026-02-08,C001,AlphaFlow,Partnerships,582,21,0,96.30,0.00,0.0000,0.0361
2026-02-08,C001,AlphaFlow,Outbound Sales,462,8,0,114.06,0.00,0.0000,0.0173
2026-02-08,C001,AlphaFlow,Referral,719,55,2,144.12,970.70,0.0364,0.0765
2026-02-09,C001,AlphaFlow,SEO,220,19,0,109.32,0.00,0.0000,0.0864
2026-02-09,C001,AlphaFlow,Paid Search,471,17,0,56.50,0.00,0.0000,0.0361
2026-02-09,C001,AlphaFlow,Content,120,1,0,87.45,0.00,0.0000,0.0083
2026-02-09,C001,AlphaFlow,LinkedIn Ads,242,19,0,62.15,0.00,0.0000,0.0785
2026-02-09,C001,AlphaFlow,Partnerships,409,23,0,52.47,0.00,0.0000,0.0562
2026-02-09,C001,AlphaFlow,Outbound Sales,404,18,0,62.15,0.00,0.0000,0.0446
2026-02-09,C001,AlphaFlow,Referral,254,17,1,78.52,572.08,0.0588,0.0669
2026-02-10,C001,AlphaFlow,SEO,338,25,0,116.23,0.00,0.0000,0.0740
2026-02-10,C001,AlphaFlow,Paid Search,488,19,0,60.07,0.00,0.0000,0.0389
2026-02-10,C001,AlphaFlow,Content,278,3,0,92.98,0.00,0.0000,0.0108
2026-02-10,C001,AlphaFlow,LinkedIn Ads,606,13,0,66.08,0.00,0.0000,0.0215
2026-02-10,C001,AlphaFlow,Partnerships,222,1,0,55.79,0.00,0.0000,0.0045
2026-02-10,C001,AlphaFlow,Outbound Sales,413,12,0,66.08,0.00,0.0000,0.0291
2026-02-10,C001,AlphaFlow,Referral,387,35,1,83.49,442.30,0.0286,0.0904
2026-02-11,C001,AlphaFlow,SEO,402,17,0,232.77,0.00,0.0000,0.0423
2026-02-11,C001,AlphaFlow,Paid Search,586,6,0,120.30,0.00,0.0000,0.0102
2026-02-11,C001,AlphaFlow,Content,382,8,0,186.21,0.00,0.0000,0.0209
2026-02-11,C001,AlphaFlow,LinkedIn Ads,240,11,0,132.33,0.00,0.0000,0.0458
2026-02-11,C001,AlphaFlow,Partnerships,356,14,0,111.73,0.00,0.0000,0.0393
2026-02-11,C001,AlphaFlow,Outbound Sales,375,17,0,132.33,0.00,0.0000,0.0453
2026-02-11,C001,AlphaFlow,Referral,869,83,2,167.20,758.66,0.0241,0.0955
2026-02-12,C001,AlphaFlow,SEO,391,41,1,297.39,369.87,0.0244,0.1049
2026-02-12,C001,AlphaFlow,Paid Search,583,15,0,153.70,0.00,0.0000,0.0257
2026-02-12,C001,AlphaFlow,Content,336,21,1,237.91,557.15,0.0476,0.0625
2026-02-12,C001,AlphaFlow,LinkedIn Ads,141,23,0,169.06,0.00,0.0000,0.1631
2026-02-12,C001,AlphaFlow,Partnerships,487,1,0,142.75,0.00,0.0000,0.0021
2026-02-12,C001,AlphaFlow,Outbound Sales,127,9,0,169.06,0.00,0.0000,0.0709
2026-02-12,C001,AlphaFlow,Referral,420,19,1,213.65,427.83,0.0526,0.0452
2026-02-13,C001,AlphaFlow,SEO,390,21,1,494.07,437.40,0.0476,0.0538
2026-02-13,C001,AlphaFlow,Paid Search,0,0,0,255.34,0.00,0.0000,0.0000
2026-02-13,C001,AlphaFlow,Content,420,48,1,395.26,495.54,0.0208,0.1143
2026-02-13,C001,AlphaFlow,LinkedIn Ads,178,10,0,280.87,0.00,0.0000,0.0562
2026-02-13,C001,AlphaFlow,Partnerships,93,7,0,237.15,0.00,0.0000,0.0753
2026-02-13,C001,AlphaFlow,Outbound Sales,100,9,0,280.87,0.00,0.0000,0.0900
2026-02-13,C001,AlphaFlow,Referral,715,42,2,354.94,786.65,0.0476,0.0587
2026-02-14,C001,AlphaFlow,SEO,465,9,0,122.25,0.00,0.0000,0.0194
2026-02-14,C001,AlphaFlow,Paid Search,485,23,0,63.18,0.00,0.0000,0.0474
2026-02-14,C001,AlphaFlow,Content,324,21,0,97.80,0.00,0.0000,0.0648
2026-02-14,C001,AlphaFlow,LinkedIn Ads,553,16,0,69.50,0.00,0.0000,0.0289
2026-02-14,C001,AlphaFlow,Partnerships,614,17,0,58.68,0.00,0.0000,0.0277
2026-02-14,C001,AlphaFlow,Outbound Sales,213,14,0,69.50,0.00,0.0000,0.0657
2026-02-14,C001,AlphaFlow,Referral,465,40,1,87.84,461.22,0.0250,0.0860
2026-02-15,C001,AlphaFlow,SEO,0,0,0,225.24,0.00,0.0000,0.0000
2026-02-15,C001,AlphaFlow,Paid Search,514,1,0,116.41,0.00,0.0000,0.0019
2026-02-15,C001,AlphaFlow,Content,565,2,0,180.19,0.00,0.0000,0.0035
2026-02-15,C001,AlphaFlow,LinkedIn Ads,533,23,0,128.05,0.00,0.0000,0.0432
2026-02-15,C001,AlphaFlow,Partnerships,476,12,0,108.11,0.00,0.0000,0.0252
2026-02-15,C001,AlphaFlow,Outbound Sales,212,11,0,128.05,0.00,0.0000,0.0519
2026-02-15,C001,AlphaFlow,Referral,822,74,2,161.80,1143.67,0.0270,0.0900
2026-02-16,C001,AlphaFlow,SEO,377,28,1,329.05,420.15,0.0357,0.0743
2026-02-16,C001,AlphaFlow,Paid Search,218,23,0,170.06,0.00,0.0000,0.1055
2026-02-16,C001,AlphaFlow,Content,434,57,1,263.24,418.73,0.0175,0.1313
2026-02-16,C001,AlphaFlow,LinkedIn Ads,150,21,0,187.06,0.00,0.0000,0.1400
2026-02-16,C001,AlphaFlow,Partnerships,161,24,0,157.95,0.00,0.0000,0.1491
2026-02-16,C001,AlphaFlow,Outbound Sales,424,18,0,187.06,0.00,0.0000,0.0425
2026-02-16,C001,AlphaFlow,Referral,481,58,1,236.39,431.40,0.0172,0.1206
2026-02-17,C001,AlphaFlow,SEO,534,68,1,314.87,498.66,0.0147,0.1273
2026-02-17,C001,AlphaFlow,Paid Search,490,20,0,162.73,0.00,0.0000,0.0408
2026-02-17,C001,AlphaFlow,Content,374,18,1,251.90,406.95,0.0556,0.0481
2026-02-17,C001,AlphaFlow,LinkedIn Ads,249,22,0,179.00,0.00,0.0000,0.0884
2026-02-17,C001,AlphaFlow,Partnerships,234,17,0,151.14,0.00,0.0000,0.0726
2026-02-17,C001,AlphaFlow,Outbound Sales,473,14,0,179.00,0.00,0.0000,0.0296
2026-02-17,C001,AlphaFlow,Referral,467,25,1,226.20,447.04,0.0400,0.0535
2026-02-18,C001,AlphaFlow,SEO,426,6,0,119.62,0.00,0.0000,0.0141
2026-02-18,C001,AlphaFlow,Paid Search,223,23,0,61.82,0.00,0.0000,0.1031
2026-02-18,C001,AlphaFlow,Content,311,22,0,95.70,0.00,0.0000,0.0707
2026-02-18,C001,AlphaFlow,LinkedIn Ads,461,14,0,68.00,0.00,0.0000,0.0304
2026-02-18,C001,AlphaFlow,Partnerships,585,25,0,57.42,0.00,0.0000,0.0427
2026-02-18,C001,AlphaFlow,Outbound Sales,307,1,0,68.00,0.00,0.0000,0.0033
2026-02-18,C001,AlphaFlow,Referral,254,23,1,85.94,488.94,0.0435,0.0906
2026-02-19,C001,AlphaFlow,SEO,446,21,0,107.27,0.00,0.0000,0.0471
2026-02-19,C001,AlphaFlow,Paid Search,566,15,0,55.44,0.00,0.0000,0.0265
2026-02-19,C001,AlphaFlow,Content,283,15,0,85.81,0.00,0.0000,0.0530
2026-02-19,C001,AlphaFlow,LinkedIn Ads,157,1,0,60.98,0.00,0.0000,0.0064
2026-02-19,C001,AlphaFlow,Partnerships,336,20,0,51.49,0.00,0.0000,0.0595
2026-02-19,C001,AlphaFlow,Outbound Sales,575,1,0,60.98,0.00,0.0000,0.0017
2026-02-19,C001,AlphaFlow,Referral,254,23,1,77.05,371.26,0.0435,0.0906
2026-02-20,C001,AlphaFlow,SEO,194,5,0,96.71,0.00,0.0000,0.0258
2026-02-20,C001,AlphaFlow,Paid Search,450,8,0,49.98,0.00,0.0000,0.0178
2026-02-20,C001,AlphaFlow,Content,347,18,0,77.37,0.00,0.0000,0.0519
2026-02-20,C001,AlphaFlow,LinkedIn Ads,132,20,0,54.98,0.00,0.0000,0.1515
2026-02-20,C001,AlphaFlow,Partnerships,0,0,0,46.42,0.00,0.0000,0.0000
2026-02-20,C001,AlphaFlow,Outbound Sales,187,10,0,54.98,0.00,0.0000,0.0535
2026-02-20,C001,AlphaFlow,Referral,525,31,1,69.49,552.92,0.0323,0.0590
2026-02-21,C001,AlphaFlow,SEO,106,10,0,123.14,0.00,0.0000,0.0943
2026-02-21,C001,AlphaFlow,Paid Search,170,12,0,63.64,0.00,0.0000,0.0706
2026-02-21,C001,AlphaFlow,Content,440,21,0,98.51,0.00,0.0000,0.0477
2026-02-21,C001,AlphaFlow,LinkedIn Ads,594,2,0,70.00,0.00,0.0000,0.0034
2026-02-21,C001,AlphaFlow,Partnerships,430,2,0,59.11,0.00,0.0000,0.0047
2026-02-21,C001,AlphaFlow,Outbound Sales,120,10,0,70.00,0.00,0.0000,0.0833
2026-02-21,C001,AlphaFlow,Referral,485,39,1,88.47,442.61,0.0256,0.0804
2026-02-22,C001,AlphaFlow,SEO,435,51,1,346.30,384.05,0.0196,0.1172
2026-02-22,C001,AlphaFlow,Paid Search,482,4,0,178.97,0.00,0.0000,0.0083
2026-02-22,C001,AlphaFlow,Content,251,16,1,277.04,526.74,0.0625,0.0637
2026-02-22,C001,AlphaFlow,LinkedIn Ads,514,17,0,196.87,0.00,0.0000,0.0331
2026-02-22,C001,AlphaFlow,Partnerships,437,25,0,166.23,0.00,0.0000,0.0572
2026-02-22,C001,AlphaFlow,Outbound Sales,351,23,0,196.87,0.00,0.0000,0.0655
2026-02-22,C001,AlphaFlow,Referral,300,22,1,248.78,424.59,0.0455,0.0733
2026-02-23,C001,AlphaFlow,SEO,594,7,0,208.49,0.00,0.0000,0.0118
2026-02-23,C001,AlphaFlow,Paid Search,432,12,0,107.75,0.00,0.0000,0.0278
2026-02-23,C001,AlphaFlow,Content,232,13,0,166.79,0.00,0.0000,0.0560
2026-02-23,C001,AlphaFlow,LinkedIn Ads,492,5,0,118.52,0.00,0.0000,0.0102
2026-02-23,C001,AlphaFlow,Partnerships,346,18,0,100.07,0.00,0.0000,0.0520
2026-02-23,C001,AlphaFlow,Outbound Sales,302,18,0,118.52,0.00,0.0000,0.0596
2026-02-23,C001,AlphaFlow,Referral,827,88,2,149.78,748.77,0.0227,0.1064
2026-02-24,C001,AlphaFlow,SEO,523,25,0,119.42,0.00,0.0000,0.0478
2026-02-24,C001,AlphaFlow,Paid Search,517,4,0,61.72,0.00,0.0000,0.0077
2026-02-24,C001,AlphaFlow,Content,610,12,0,95.54,0.00,0.0000,0.0197
2026-02-24,C001,AlphaFlow,LinkedIn Ads,178,11,0,67.89,0.00,0.0000,0.0618
2026-02-24,C001,AlphaFlow,Partnerships,144,19,0,57.32,0.00,0.0000,0.1319
2026-02-24,C001,AlphaFlow,Outbound Sales,530,10,0,67.89,0.00,0.0000,0.0189
2026-02-24,C001,AlphaFlow,Referral,279,24,1,85.78,476.42,0.0417,0.0860
2026-02-25,C001,AlphaFlow,SEO,116,11,0,107.59,0.00,0.0000,0.0948
2026-02-25,C001,AlphaFlow,Paid Search,248,23,0,55.61,0.00,0.0000,0.0927
2026-02-25,C001,AlphaFlow,Content,578,11,0,86.07,0.00,0.0000,0.0190
2026-02-25,C001,AlphaFlow,LinkedIn Ads,198,1,0,61.17,0.00,0.0000,0.0051
2026-02-25,C001,AlphaFlow,Partnerships,352,23,0,51.64,0.00,0.0000,0.0653
2026-02-25,C001,AlphaFlow,Outbound Sales,331,14,0,61.17,0.00,0.0000,0.0423
2026-02-25,C001,AlphaFlow,Referral,438,23,1,77.29,458.45,0.0435,0.0525
2026-02-26,C001,AlphaFlow,SEO,461,26,1,453.77,514.79,0.0385,0.0564
2026-02-26,C001,AlphaFlow,Paid Search,288,17,0,234.51,0.00,0.0000,0.0590
2026-02-26,C001,AlphaFlow,Content,284,29,1,363.02,478.27,0.0345,0.1021
2026-02-26,C001,AlphaFlow,LinkedIn Ads,214,18,0,257.96,0.00,0.0000,0.0841
2026-02-26,C001,AlphaFlow,Partnerships,406,22,0,217.81,0.00,0.0000,0.0542
2026-02-26,C001,AlphaFlow,Outbound Sales,399,7,0,257.96,0.00,0.0000,0.0175
2026-02-26,C001,AlphaFlow,Referral,723,36,2,325.99,911.13,0.0556,0.0498
2026-02-27,C001,AlphaFlow,SEO,443,62,1,344.11,403.42,0.0161,0.1400
2026-02-27,C001,AlphaFlow,Paid Search,153,19,0,177.84,0.00,0.0000,0.1242
2026-02-27,C001,AlphaFlow,Content,395,21,1,275.28,568.75,0.0476,0.0532
2026-02-27,C001,AlphaFlow,LinkedIn Ads,547,13,0,195.62,0.00,0.0000,0.0238
2026-02-27,C001,AlphaFlow,Partnerships,122,9,0,165.17,0.00,0.0000,0.0738
2026-02-27,C001,AlphaFlow,Outbound Sales,610,23,0,195.62,0.00,0.0000,0.0377
2026-02-27,C001,AlphaFlow,Referral,283,25,1,247.20,481.47,0.0400,0.0883
2026-02-28,C001,AlphaFlow,SEO,315,25,1,473.29,541.00,0.0400,0.0794
2026-02-28,C001,AlphaFlow,Paid Search,363,14,0,244.60,0.00,0.0000,0.0386
2026-02-28,C001,AlphaFlow,Content,381,53,1,378.64,537.23,0.0189,0.1391
2026-02-28,C001,AlphaFlow,LinkedIn Ads,540,22,0,269.06,0.00,0.0000,0.0407
2026-02-28,C001,AlphaFlow,Partnerships,440,1,0,227.18,0.00,0.0000,0.0023
2026-02-28,C001,AlphaFlow,Outbound Sales,385,9,0,269.06,0.00,0.0000,0.0234
2026-02-28,C001,AlphaFlow,Referral,1071,95,2,340.02,1075.82,0.0211,0.0887
2026-03-01,C001,AlphaFlow,SEO,446,48,1,293.82,420.60,0.0208,0.1076
2026-03-01,C001,AlphaFlow,Paid Search,503,21,0,151.85,0.00,0.0000,0.0417
2026-03-01,C001,AlphaFlow,Content,330,25,1,235.06,384.47,0.0400,0.0758
2026-03-01,C001,AlphaFlow,LinkedIn Ads,387,23,0,167.04,0.00,0.0000,0.0594
2026-03-01,C001,AlphaFlow,Partnerships,100,18,0,141.03,0.00,0.0000,0.1800
2026-03-01,C001,AlphaFlow,Outbound Sales,466,20,0,167.04,0.00,0.0000,0.0429
2026-03-01,C001,AlphaFlow,Referral,488,37,1,211.07,539.91,0.0270,0.0758
2026-03-02,C001,AlphaFlow,SEO,150,21,0,112.14,0.00,0.0000,0.1400
2026-03-02,C001,AlphaFlow,Paid Search,536,5,0,57.95,0.00,0.0000,0.0093
2026-03-02,C001,AlphaFlow,Content,393,4,0,89.71,0.00,0.0000,0.0102
2026-03-02,C001,AlphaFlow,LinkedIn Ads,172,8,0,63.75,0.00,0.0000,0.0465
2026-03-02,C001,AlphaFlow,Partnerships,328,9,0,53.83,0.00,0.0000,0.0274
2026-03-02,C001,AlphaFlow,Outbound Sales,217,2,0,63.75,0.00,0.0000,0.0092
2026-03-02,C001,AlphaFlow,Referral,405,33,1,80.55,513.10,0.0303,0.0815
2026-03-03,C001,AlphaFlow,SEO,364,40,1,400.25,390.21,0.0250,0.1099
2026-03-03,C001,AlphaFlow,Paid Search,240,24,0,206.85,0.00,0.0000,0.1000
2026-03-03,C001,AlphaFlow,Content,270,25,1,320.20,503.65,0.0400,0.0926
2026-03-03,C001,AlphaFlow,LinkedIn Ads,505,4,0,227.54,0.00,0.0000,0.0079
2026-03-03,C001,AlphaFlow,Partnerships,210,4,0,192.12,0.00,0.0000,0.0190
2026-03-03,C001,AlphaFlow,Outbound Sales,337,4,0,227.54,0.00,0.0000,0.0119
2026-03-03,C001,AlphaFlow,Referral,550,51,2,287.51,1036.82,0.0392,0.0927
2026-03-04,C001,AlphaFlow,SEO,487,6,0,120.86,0.00,0.0000,0.0123
2026-03-04,C001,AlphaFlow,Paid Search,490,15,0,62.46,0.00,0.0000,0.0306
2026-03-04,C001,AlphaFlow,Content,0,0,0,96.68,0.00,0.0000,0.0000
2026-03-04,C001,AlphaFlow,LinkedIn Ads,528,18,0,68.71,0.00,0.0000,0.0341
2026-03-04,C001,AlphaFlow,Partnerships,178,24,0,58.01,0.00,0.0000,0.1348
2026-03-04,C001,AlphaFlow,Outbound Sales,488,1,0,68.71,0.00,0.0000,0.0020
2026-03-04,C001,AlphaFlow,Referral,438,38,1,86.81,456.67,0.0263,0.0868
2026-03-05,C001,AlphaFlow,SEO,264,25,0,100.66,0.00,0.0000,0.0947
2026-03-05,C001,AlphaFlow,Paid Search,168,21,0,52.02,0.00,0.0000,0.1250
2026-03-05,C001,AlphaFlow,Content,175,7,0,80.53,0.00,0.0000,0.0400
2026-03-05,C001,AlphaFlow,LinkedIn Ads,280,21,0,57.22,0.00,0.0000,0.0750
2026-03-05,C001,AlphaFlow,Partnerships,356,11,0,48.32,0.00,0.0000,0.0309
2026-03-05,C001,AlphaFlow,Outbound Sales,113,3,0,57.22,0.00,0.0000,0.0265
2026-03-05,C001,AlphaFlow,Referral,378,34,1,72.31,516.57,0.0294,0.0899
2026-03-06,C001,AlphaFlow,SEO,193,8,0,106.69,0.00,0.0000,0.0415
2026-03-06,C001,AlphaFlow,Paid Search,0,0,0,55.14,0.00,0.0000,0.0000
2026-03-06,C001,AlphaFlow,Content,245,12,0,85.35,0.00,0.0000,0.0490
2026-03-06,C001,AlphaFlow,LinkedIn Ads,531,22,0,60.65,0.00,0.0000,0.0414
2026-03-06,C001,AlphaFlow,Partnerships,463,2,0,51.21,0.00,0.0000,0.0043
2026-03-06,C001,AlphaFlow,Outbound Sales,143,16,0,60.65,0.00,0.0000,0.1119
2026-03-06,C001,AlphaFlow,Referral,270,22,1,76.66,529.27,0.0455,0.0815
2026-03-07,C001,AlphaFlow,SEO,562,7,0,106.95,0.00,0.0000,0.0125
2026-03-07,C001,AlphaFlow,Paid Search,354,23,0,55.27,0.00,0.0000,0.0650
2026-03-07,C001,AlphaFlow,Content,109,20,0,85.56,0.00,0.0000,0.1835
2026-03-07,C001,AlphaFlow,LinkedIn Ads,417,23,0,60.80,0.00,0.0000,0.0552
2026-03-07,C001,AlphaFlow,Partnerships,226,1,0,51.33,0.00,0.0000,0.0044
2026-03-07,C001,AlphaFlow,Outbound Sales,518,16,0,60.80,0.00,0.0000,0.0309
2026-03-07,C001,AlphaFlow,Referral,361,49,1,76.83,489.28,0.0204,0.1357
2026-03-08,C001,AlphaFlow,SEO,356,9,0,113.43,0.00,0.0000,0.0253
2026-03-08,C001,AlphaFlow,Paid Search,415,10,0,58.62,0.00,0.0000,0.0241
2026-03-08,C001,AlphaFlow,Content,215,24,0,90.75,0.00,0.0000,0.1116
2026-03-08,C001,AlphaFlow,LinkedIn Ads,463,17,0,64.49,0.00,0.0000,0.0367
2026-03-08,C001,AlphaFlow,Partnerships,175,3,0,54.45,0.00,0.0000,0.0171
2026-03-08,C001,AlphaFlow,Outbound Sales,301,1,0,64.49,0.00,0.0000,0.0033
2026-03-08,C001,AlphaFlow,Referral,348,15,1,81.48,569.69,0.0667,0.0431
2026-03-09,C001,AlphaFlow,SEO,352,17,0,120.07,0.00,0.0000,0.0483
2026-03-09,C001,AlphaFlow,Paid Search,308,1,0,62.05,0.00,0.0000,0.0032
2026-03-09,C001,AlphaFlow,Content,186,20,0,96.06,0.00,0.0000,0.1075
2026-03-09,C001,AlphaFlow,LinkedIn Ads,284,2,0,68.26,0.00,0.0000,0.0070
2026-03-09,C001,AlphaFlow,Partnerships,444,25,0,57.63,0.00,0.0000,0.0563
2026-03-09,C001,AlphaFlow,Outbound Sales,497,13,0,68.26,0.00,0.0000,0.0262
2026-03-09,C001,AlphaFlow,Referral,364,29,1,86.26,413.34,0.0345,0.0797
2026-03-10,C001,AlphaFlow,SEO,583,13,0,194.45,0.00,0.0000,0.0223
2026-03-10,C001,AlphaFlow,Paid Search,360,25,0,100.49,0.00,0.0000,0.0694
2026-03-10,C001,AlphaFlow,Content,472,25,0,155.56,0.00,0.0000,0.0530
2026-03-10,C001,AlphaFlow,LinkedIn Ads,487,10,0,110.54,0.00,0.0000,0.0205
2026-03-10,C001,AlphaFlow,Partnerships,392,25,0,93.34,0.00,0.0000,0.0638
2026-03-10,C001,AlphaFlow,Outbound Sales,250,7,0,110.54,0.00,0.0000,0.0280
2026-03-10,C001,AlphaFlow,Referral,894,56,2,139.69,1118.17,0.0357,0.0626
2026-03-11,C001,AlphaFlow,SEO,712,87,2,845.88,810.66,0.0230,0.1222
2026-03-11,C001,AlphaFlow,Paid Search,786,85,1,437.16,374.65,0.0118,0.1081
2026-03-11,C001,AlphaFlow,Content,534,50,1,676.70,565.54,0.0200,0.0936
2026-03-11,C001,AlphaFlow,LinkedIn Ads,788,107,1,480.88,432.91,0.0093,0.1358
2026-03-11,C001,AlphaFlow,Partnerships,443,26,1,406.02,372.93,0.0385,0.0587
2026-03-11,C001,AlphaFlow,Outbound Sales,822,81,1,480.88,395.87,0.0123,0.0985
2026-03-11,C001,AlphaFlow,Referral,150,10,0,607.66,0.00,0.0000,0.0667
2026-03-12,C001,AlphaFlow,SEO,506,21,0,120.84,0.00,0.0000,0.0415
2026-03-12,C001,AlphaFlow,Paid Search,550,23,0,62.45,0.00,0.0000,0.0418
2026-03-12,C001,AlphaFlow,Content,462,17,0,96.67,0.00,0.0000,0.0368
2026-03-12,C001,AlphaFlow,LinkedIn Ads,403,22,0,68.70,0.00,0.0000,0.0546
2026-03-12,C001,AlphaFlow,Partnerships,125,12,0,58.00,0.00,0.0000,0.0960
2026-03-12,C001,AlphaFlow,Outbound Sales,206,20,0,68.70,0.00,0.0000,0.0971
2026-03-12,C001,AlphaFlow,Referral,292,33,1,86.80,440.75,0.0303,0.1130
2026-03-13,C001,AlphaFlow,SEO,0,0,0,120.12,0.00,0.0000,0.0000
2026-03-13,C001,AlphaFlow,Paid Search,84,3,0,62.08,0.00,0.0000,0.0357
2026-03-13,C001,AlphaFlow,Content,597,13,0,96.09,0.00,0.0000,0.0218
2026-03-13,C001,AlphaFlow,LinkedIn Ads,335,25,0,68.29,0.00,0.0000,0.0746
2026-03-13,C001,AlphaFlow,Partnerships,357,10,0,57.66,0.00,0.0000,0.0280
2026-03-13,C001,AlphaFlow,Outbound Sales,179,23,0,68.29,0.00,0.0000,0.1285
2026-03-13,C001,AlphaFlow,Referral,519,23,1,86.28,573.20,0.0435,0.0443
2026-03-14,C001,AlphaFlow,SEO,380,15,1,460.92,411.44,0.0667,0.0395
2026-03-14,C001,AlphaFlow,Paid Search,374,23,0,238.21,0.00,0.0000,0.0615
2026-03-14,C001,AlphaFlow,Content,278,21,1,368.73,543.03,0.0476,0.0755
2026-03-14,C001,AlphaFlow,LinkedIn Ads,580,9,0,262.03,0.00,0.0000,0.0155
2026-03-14,C001,AlphaFlow,Partnerships,566,2,0,221.24,0.00,0.0000,0.0035
2026-03-14,C001,AlphaFlow,Outbound Sales,372,21,0,262.03,0.00,0.0000,0.0565
2026-03-14,C001,AlphaFlow,Referral,826,44,2,331.11,890.86,0.0455,0.0533
2026-03-15,C001,AlphaFlow,SEO,200,21,0,102.80,0.00,0.0000,0.1050
2026-03-15,C001,AlphaFlow,Paid Search,330,18,0,53.13,0.00,0.0000,0.0545
2026-03-15,C001,AlphaFlow,Content,583,17,0,82.24,0.00,0.0000,0.0292
2026-03-15,C001,AlphaFlow,LinkedIn Ads,137,22,0,58.44,0.00,0.0000,0.1606
2026-03-15,C001,AlphaFlow,Partnerships,249,19,0,49.34,0.00,0.0000,0.0763
2026-03-15,C001,AlphaFlow,Outbound Sales,283,6,0,58.44,0.00,0.0000,0.0212
2026-03-15,C001,AlphaFlow,Referral,377,52,1,73.84,410.69,0.0192,0.1379
2026-03-16,C001,AlphaFlow,SEO,503,17,0,211.03,0.00,0.0000,0.0338
2026-03-16,C001,AlphaFlow,Paid Search,0,0,0,109.06,0.00,0.0000,0.0000
2026-03-16,C001,AlphaFlow,Content,246,13,0,168.83,0.00,0.0000,0.0528
2026-03-16,C001,AlphaFlow,LinkedIn Ads,186,3,0,119.97,0.00,0.0000,0.0161
2026-03-16,C001,AlphaFlow,Partnerships,480,8,0,101.30,0.00,0.0000,0.0167
2026-03-16,C001,AlphaFlow,Outbound Sales,239,12,0,119.97,0.00,0.0000,0.0502
2026-03-16,C001,AlphaFlow,Referral,908,70,2,151.61,1106.68,0.0286,0.0771
2026-03-17,C001,AlphaFlow,SEO,407,9,0,123.00,0.00,0.0000,0.0221
2026-03-17,C001,AlphaFlow,Paid Search,224,7,0,63.57,0.00,0.0000,0.0312
2026-03-17,C001,AlphaFlow,Content,529,23,0,98.40,0.00,0.0000,0.0435
2026-03-17,C001,AlphaFlow,LinkedIn Ads,589,13,0,69.93,0.00,0.0000,0.0221
2026-03-17,C001,AlphaFlow,Partnerships,152,5,0,59.04,0.00,0.0000,0.0329
2026-03-17,C001,AlphaFlow,Outbound Sales,127,18,0,69.93,0.00,0.0000,0.1417
2026-03-17,C001,AlphaFlow,Referral,512,28,1,88.36,420.56,0.0357,0.0547
2026-03-18,C001,AlphaFlow,SEO,114,3,0,104.19,0.00,0.0000,0.0263
2026-03-18,C001,AlphaFlow,Paid Search,453,15,0,53.84,0.00,0.0000,0.0331
2026-03-18,C001,AlphaFlow,Content,373,2,0,83.35,0.00,0.0000,0.0054
2026-03-18,C001,AlphaFlow,LinkedIn Ads,312,6,0,59.23,0.00,0.0000,0.0192
2026-03-18,C001,AlphaFlow,Partnerships,0,0,0,50.01,0.00,0.0000,0.0000
2026-03-18,C001,AlphaFlow,Outbound Sales,261,4,0,59.23,0.00,0.0000,0.0153
2026-03-18,C001,AlphaFlow,Referral,252,26,1,74.84,564.43,0.0385,0.1032
2026-03-19,C001,AlphaFlow,SEO,495,9,0,122.27,0.00,0.0000,0.0182
2026-03-19,C001,AlphaFlow,Paid Search,380,11,0,63.19,0.00,0.0000,0.0289
2026-03-19,C001,AlphaFlow,Content,432,20,0,97.81,0.00,0.0000,0.0463
2026-03-19,C001,AlphaFlow,LinkedIn Ads,281,9,0,69.51,0.00,0.0000,0.0320
2026-03-19,C001,AlphaFlow,Partnerships,518,25,0,58.69,0.00,0.0000,0.0483
2026-03-19,C001,AlphaFlow,Outbound Sales,354,9,0,69.51,0.00,0.0000,0.0254
2026-03-19,C001,AlphaFlow,Referral,371,41,1,87.82,515.69,0.0244,0.1105
2026-03-20,C001,AlphaFlow,SEO,468,21,0,102.69,0.00,0.0000,0.0449
2026-03-20,C001,AlphaFlow,Paid Search,385,5,0,53.07,0.00,0.0000,0.0130
2026-03-20,C001,AlphaFlow,Content,291,24,0,82.15,0.00,0.0000,0.0825
2026-03-20,C001,AlphaFlow,LinkedIn Ads,401,7,0,58.38,0.00,0.0000,0.0175
2026-03-20,C001,AlphaFlow,Partnerships,214,14,0,49.29,0.00,0.0000,0.0654
2026-03-20,C001,AlphaFlow,Outbound Sales,565,2,0,58.38,0.00,0.0000,0.0035
2026-03-20,C001,AlphaFlow,Referral,400,50,1,73.75,478.71,0.0200,0.1250
2026-03-21,C001,AlphaFlow,SEO,240,14,0,125.08,0.00,0.0000,0.0583
2026-03-21,C001,AlphaFlow,Paid Search,281,20,0,64.64,0.00,0.0000,0.0712
2026-03-21,C001,AlphaFlow,Content,276,24,0,100.07,0.00,0.0000,0.0870
2026-03-21,C001,AlphaFlow,LinkedIn Ads,528,4,0,71.11,0.00,0.0000,0.0076
2026-03-21,C001,AlphaFlow,Partnerships,285,1,0,60.04,0.00,0.0000,0.0035
2026-03-21,C001,AlphaFlow,Outbound Sales,291,16,0,71.11,0.00,0.0000,0.0550
2026-03-21,C001,AlphaFlow,Referral,251,28,1,89.85,512.67,0.0357,0.1116
2026-03-22,C001,AlphaFlow,SEO,555,9,0,113.34,0.00,0.0000,0.0162
2026-03-22,C001,AlphaFlow,Paid Search,434,4,0,58.58,0.00,0.0000,0.0092
2026-03-22,C001,AlphaFlow,Content,518,25,0,90.67,0.00,0.0000,0.0483
2026-03-22,C001,AlphaFlow,LinkedIn Ads,0,0,0,64.43,0.00,0.0000,0.0000
2026-03-22,C001,AlphaFlow,Partnerships,465,1,0,54.40,0.00,0.0000,0.0022
2026-03-22,C001,AlphaFlow,Outbound Sales,191,1,0,64.43,0.00,0.0000,0.0052
2026-03-22,C001,AlphaFlow,Referral,255,27,1,81.43,460.97,0.0370,0.1059
2026-03-23,C001,AlphaFlow,SEO,252,19,1,306.58,506.23,0.0526,0.0754
2026-03-23,C001,AlphaFlow,Paid Search,203,3,0,158.44,0.00,0.0000,0.0148
2026-03-23,C001,AlphaFlow,Content,399,39,1,245.27,423.36,0.0256,0.0977
2026-03-23,C001,AlphaFlow,LinkedIn Ads,253,9,0,174.29,0.00,0.0000,0.0356
2026-03-23,C001,AlphaFlow,Partnerships,330,10,0,147.16,0.00,0.0000,0.0303
2026-03-23,C001,AlphaFlow,Outbound Sales,606,21,0,174.29,0.00,0.0000,0.0347
2026-03-23,C001,AlphaFlow,Referral,277,24,1,220.24,518.91,0.0417,0.0866
2026-03-24,C001,AlphaFlow,SEO,265,31,1,498.58,545.60,0.0323,0.1170
2026-03-24,C001,AlphaFlow,Paid Search,180,3,0,257.67,0.00,0.0000,0.0167
2026-03-24,C001,AlphaFlow,Content,252,21,1,398.86,404.17,0.0476,0.0833
2026-03-24,C001,AlphaFlow,LinkedIn Ads,198,23,0,283.44,0.00,0.0000,0.1162
2026-03-24,C001,AlphaFlow,Partnerships,372,14,0,239.32,0.00,0.0000,0.0376
2026-03-24,C001,AlphaFlow,Outbound Sales,275,25,0,283.44,0.00,0.0000,0.0909
2026-03-24,C001,AlphaFlow,Referral,917,37,2,358.16,780.63,0.0541,0.0403
2026-03-25,C001,AlphaFlow,SEO,483,47,1,326.89,551.35,0.0213,0.0973
2026-03-25,C001,AlphaFlow,Paid Search,210,15,0,168.94,0.00,0.0000,0.0714
2026-03-25,C001,AlphaFlow,Content,269,27,1,261.51,514.96,0.0370,0.1004
2026-03-25,C001,AlphaFlow,LinkedIn Ads,327,18,0,185.83,0.00,0.0000,0.0550
2026-03-25,C001,AlphaFlow,Partnerships,199,22,0,156.91,0.00,0.0000,0.1106
2026-03-25,C001,AlphaFlow,Outbound Sales,494,20,0,185.83,0.00,0.0000,0.0405
2026-03-25,C001,AlphaFlow,Referral,497,63,1,234.82,380.12,0.0159,0.1268
2026-03-26,C001,AlphaFlow,SEO,425,7,0,121.00,0.00,0.0000,0.0165
2026-03-26,C001,AlphaFlow,Paid Search,332,12,0,62.53,0.00,0.0000,0.0361
2026-03-26,C001,AlphaFlow,Content,552,15,0,96.80,0.00,0.0000,0.0272
2026-03-26,C001,AlphaFlow,LinkedIn Ads,514,12,0,68.78,0.00,0.0000,0.0233
2026-03-26,C001,AlphaFlow,Partnerships,410,19,0,58.08,0.00,0.0000,0.0463
2026-03-26,C001,AlphaFlow,Outbound Sales,462,10,0,68.78,0.00,0.0000,0.0216
2026-03-26,C001,AlphaFlow,Referral,494,61,1,86.92,485.00,0.0164,0.1235
2026-03-27,C001,AlphaFlow,SEO,453,10,0,117.04,0.00,0.0000,0.0221
2026-03-27,C001,AlphaFlow,Paid Search,210,22,0,60.49,0.00,0.0000,0.1048
2026-03-27,C001,AlphaFlow,Content,522,23,0,93.63,0.00,0.0000,0.0441
2026-03-27,C001,AlphaFlow,LinkedIn Ads,312,12,0,66.54,0.00,0.0000,0.0385
2026-03-27,C001,AlphaFlow,Partnerships,140,13,0,56.18,0.00,0.0000,0.0929
2026-03-27,C001,AlphaFlow,Outbound Sales,562,14,0,66.54,0.00,0.0000,0.0249
2026-03-27,C001,AlphaFlow,Referral,536,26,1,84.08,369.70,0.0385,0.0485
2026-03-28,C001,AlphaFlow,SEO,279,22,0,113.24,0.00,0.0000,0.0789
2026-03-28,C001,AlphaFlow,Paid Search,606,10,0,58.52,0.00,0.0000,0.0165
2026-03-28,C001,AlphaFlow,Content,367,7,0,90.59,0.00,0.0000,0.0191
2026-03-28,C001,AlphaFlow,LinkedIn Ads,506,4,0,64.37,0.00,0.0000,0.0079
2026-03-28,C001,AlphaFlow,Partnerships,418,17,0,54.35,0.00,0.0000,0.0407
2026-03-28,C001,AlphaFlow,Outbound Sales,396,19,0,64.37,0.00,0.0000,0.0480
2026-03-28,C001,AlphaFlow,Referral,526,25,1,81.36,503.66,0.0400,0.0475
2026-03-29,C001,AlphaFlow,SEO,355,30,1,316.78,564.36,0.0333,0.0845
2026-03-29,C001,AlphaFlow,Paid Search,389,17,0,163.72,0.00,0.0000,0.0437
2026-03-29,C001,AlphaFlow,Content,253,13,1,253.42,398.95,0.0769,0.0514
2026-03-29,C001,AlphaFlow,LinkedIn Ads,378,5,0,180.09,0.00,0.0000,0.0132
2026-03-29,C001,AlphaFlow,Partnerships,119,6,0,152.05,0.00,0.0000,0.0504
2026-03-29,C001,AlphaFlow,Outbound Sales,326,17,0,180.09,0.00,0.0000,0.0521
2026-03-29,C001,AlphaFlow,Referral,418,26,1,227.57,534.10,0.0385,0.0622
2026-03-30,C001,AlphaFlow,SEO,152,17,0,107.32,0.00,0.0000,0.1118
2026-03-30,C001,AlphaFlow,Paid Search,324,14,0,55.46,0.00,0.0000,0.0432
2026-03-30,C001,AlphaFlow,Content,298,17,0,85.85,0.00,0.0000,0.0570
2026-03-30,C001,AlphaFlow,LinkedIn Ads,177,21,0,61.01,0.00,0.0000,0.1186
2026-03-30,C001,AlphaFlow,Partnerships,378,13,0,51.51,0.00,0.0000,0.0344
2026-03-30,C001,AlphaFlow,Outbound Sales,567,10,0,61.01,0.00,0.0000,0.0176
2026-03-30,C001,AlphaFlow,Referral,296,15,1,77.09,492.62,0.0667,0.0507
2026-03-31,C001,AlphaFlow,SEO,427,22,0,209.95,0.00,0.0000,0.0515
2026-03-31,C001,AlphaFlow,Paid Search,510,5,0,108.51,0.00,0.0000,0.0098
2026-03-31,C001,AlphaFlow,Content,440,21,0,167.96,0.00,0.0000,0.0477
2026-03-31,C001,AlphaFlow,LinkedIn Ads,104,15,0,119.36,0.00,0.0000,0.1442
2026-03-31,C001,AlphaFlow,Partnerships,348,19,0,100.78,0.00,0.0000,0.0546
2026-03-31,C001,AlphaFlow,Outbound Sales,478,3,0,119.36,0.00,0.0000,0.0063
2026-03-31,C001,AlphaFlow,Referral,934,35,2,150.82,1078.69,0.0571,0.0375
2026-01-01,C002,NorthOps,SEO,254,3,0,80.52,0.00,0.0000,0.0118
2026-01-01,C002,NorthOps,Paid Search,304,6,0,354.28,0.00,0.0000,0.0197
2026-01-01,C002,NorthOps,Content,547,22,0,87.24,0.00,0.0000,0.0402
2026-01-01,C002,NorthOps,LinkedIn Ads,433,14,0,197.98,0.00,0.0000,0.0323
2026-01-01,C002,NorthOps,Partnerships,315,2,0,80.52,0.00,0.0000,0.0063
2026-01-01,C002,NorthOps,Outbound Sales,107,10,0,38.26,0.00,0.0000,0.0935
2026-01-01,C002,NorthOps,Referral,285,24,1,0.00,659.89,0.0417,0.0842
2026-01-02,C002,NorthOps,SEO,177,9,0,162.43,0.00,0.0000,0.0508
2026-01-02,C002,NorthOps,Paid Search,583,70,1,714.62,620.14,0.0143,0.1201
2026-01-02,C002,NorthOps,Content,407,25,0,175.97,0.00,0.0000,0.0614
2026-01-02,C002,NorthOps,LinkedIn Ads,487,25,0,399.35,0.00,0.0000,0.0513
2026-01-02,C002,NorthOps,Partnerships,86,1,0,162.43,0.00,0.0000,0.0116
2026-01-02,C002,NorthOps,Outbound Sales,438,6,0,77.18,0.00,0.0000,0.0137
2026-01-02,C002,NorthOps,Referral,521,64,1,0.00,533.93,0.0156,0.1228
2026-01-03,C002,NorthOps,SEO,569,17,0,167.66,0.00,0.0000,0.0299
2026-01-03,C002,NorthOps,Paid Search,722,44,1,737.62,689.43,0.0227,0.0609
2026-01-03,C002,NorthOps,Content,340,20,0,181.63,0.00,0.0000,0.0588
2026-01-03,C002,NorthOps,LinkedIn Ads,430,14,0,412.20,0.00,0.0000,0.0326
2026-01-03,C002,NorthOps,Partnerships,414,11,0,167.66,0.00,0.0000,0.0266
2026-01-03,C002,NorthOps,Outbound Sales,548,22,0,79.66,0.00,0.0000,0.0401
2026-01-03,C002,NorthOps,Referral,357,37,1,0.00,731.37,0.0270,0.1036
2026-01-04,C002,NorthOps,SEO,285,4,0,92.73,0.00,0.0000,0.0140
2026-01-04,C002,NorthOps,Paid Search,0,0,0,407.95,0.00,0.0000,0.0000
2026-01-04,C002,NorthOps,Content,321,24,0,100.45,0.00,0.0000,0.0748
2026-01-04,C002,NorthOps,LinkedIn Ads,247,15,0,227.97,0.00,0.0000,0.0607
2026-01-04,C002,NorthOps,Partnerships,226,9,0,92.73,0.00,0.0000,0.0398
2026-01-04,C002,NorthOps,Outbound Sales,345,21,0,44.06,0.00,0.0000,0.0609
2026-01-04,C002,NorthOps,Referral,491,48,1,0.00,698.13,0.0208,0.0978
2026-01-05,C002,NorthOps,SEO,132,11,0,279.20,0.00,0.0000,0.0833
2026-01-05,C002,NorthOps,Paid Search,430,31,1,1228.35,673.73,0.0323,0.0721
2026-01-05,C002,NorthOps,Content,141,14,0,302.46,0.00,0.0000,0.0993
2026-01-05,C002,NorthOps,LinkedIn Ads,449,61,1,686.43,718.08,0.0164,0.1359
2026-01-05,C002,NorthOps,Partnerships,470,5,0,279.20,0.00,0.0000,0.0106
2026-01-05,C002,NorthOps,Outbound Sales,353,16,0,132.66,0.00,0.0000,0.0453
2026-01-05,C002,NorthOps,Referral,522,46,1,0.00,714.67,0.0217,0.0881
2026-01-06,C002,NorthOps,SEO,383,16,0,79.63,0.00,0.0000,0.0418
2026-01-06,C002,NorthOps,Paid Search,318,3,0,350.34,0.00,0.0000,0.0094
2026-01-06,C002,NorthOps,Content,310,15,0,86.27,0.00,0.0000,0.0484
2026-01-06,C002,NorthOps,LinkedIn Ads,248,4,0,195.78,0.00,0.0000,0.0161
2026-01-06,C002,NorthOps,Partnerships,349,5,0,79.63,0.00,0.0000,0.0143
2026-01-06,C002,NorthOps,Outbound Sales,119,20,0,37.83,0.00,0.0000,0.1681
2026-01-06,C002,NorthOps,Referral,468,56,1,0.00,549.25,0.0179,0.1197
2026-01-07,C002,NorthOps,SEO,290,24,0,84.74,0.00,0.0000,0.0828
2026-01-07,C002,NorthOps,Paid Search,164,14,0,372.83,0.00,0.0000,0.0854
2026-01-07,C002,NorthOps,Content,525,16,0,91.80,0.00,0.0000,0.0305
2026-01-07,C002,NorthOps,LinkedIn Ads,138,19,0,208.35,0.00,0.0000,0.1377
2026-01-07,C002,NorthOps,Partnerships,234,21,0,84.74,0.00,0.0000,0.0897
2026-01-07,C002,NorthOps,Outbound Sales,542,21,0,40.27,0.00,0.0000,0.0387
2026-01-07,C002,NorthOps,Referral,361,17,1,0.00,607.73,0.0588,0.0471
2026-01-08,C002,NorthOps,SEO,198,18,0,351.57,0.00,0.0000,0.0909
2026-01-08,C002,NorthOps,Paid Search,767,100,1,1546.77,567.61,0.0100,0.1304
2026-01-08,C002,NorthOps,Content,109,22,0,380.87,0.00,0.0000,0.2018
2026-01-08,C002,NorthOps,LinkedIn Ads,403,41,1,864.37,711.10,0.0244,0.1017
2026-01-08,C002,NorthOps,Partnerships,357,18,0,351.57,0.00,0.0000,0.0504
2026-01-08,C002,NorthOps,Outbound Sales,986,97,1,167.05,599.06,0.0103,0.0984
2026-01-08,C002,NorthOps,Referral,311,28,1,0.00,622.47,0.0357,0.0900
2026-01-09,C002,NorthOps,SEO,222,21,0,86.84,0.00,0.0000,0.0946
2026-01-09,C002,NorthOps,Paid Search,606,6,0,382.05,0.00,0.0000,0.0099
2026-01-09,C002,NorthOps,Content,155,22,0,94.08,0.00,0.0000,0.1419
2026-01-09,C002,NorthOps,LinkedIn Ads,566,4,0,213.50,0.00,0.0000,0.0071
2026-01-09,C002,NorthOps,Partnerships,120,2,0,86.84,0.00,0.0000,0.0167
2026-01-09,C002,NorthOps,Outbound Sales,147,9,0,41.26,0.00,0.0000,0.0612
2026-01-09,C002,NorthOps,Referral,496,50,1,0.00,492.55,0.0200,0.1008
2026-01-10,C002,NorthOps,SEO,272,19,0,336.60,0.00,0.0000,0.0699
2026-01-10,C002,NorthOps,Paid Search,714,98,1,1480.90,764.12,0.0102,0.1373
2026-01-10,C002,NorthOps,Content,303,18,0,364.65,0.00,0.0000,0.0594
2026-01-10,C002,NorthOps,LinkedIn Ads,432,19,1,827.56,689.58,0.0526,0.0440
2026-01-10,C002,NorthOps,Partnerships,319,8,0,336.60,0.00,0.0000,0.0251
2026-01-10,C002,NorthOps,Outbound Sales,1244,118,1,159.95,537.80,0.0085,0.0949
2026-01-10,C002,NorthOps,Referral,401,37,1,0.00,570.64,0.0270,0.0923
2026-01-11,C002,NorthOps,SEO,422,45,1,502.60,644.70,0.0222,0.1066
2026-01-11,C002,NorthOps,Paid Search,1527,207,2,2211.25,1354.62,0.0097,0.1356
2026-01-11,C002,NorthOps,Content,508,43,1,544.49,508.20,0.0233,0.0846
2026-01-11,C002,NorthOps,LinkedIn Ads,877,93,1,1235.70,709.96,0.0108,0.1060
2026-01-11,C002,NorthOps,Partnerships,371,22,0,502.60,0.00,0.0000,0.0593
2026-01-11,C002,NorthOps,Outbound Sales,264,2,0,238.82,0.00,0.0000,0.0076
2026-01-11,C002,NorthOps,Referral,275,8,0,0.00,0.00,0.0000,0.0291
2026-01-12,C002,NorthOps,SEO,341,6,0,84.27,0.00,0.0000,0.0176
2026-01-12,C002,NorthOps,Paid Search,586,2,0,370.75,0.00,0.0000,0.0034
2026-01-12,C002,NorthOps,Content,475,15,0,91.29,0.00,0.0000,0.0316
2026-01-12,C002,NorthOps,LinkedIn Ads,590,8,0,207.18,0.00,0.0000,0.0136
2026-01-12,C002,NorthOps,Partnerships,235,24,0,84.27,0.00,0.0000,0.1021
2026-01-12,C002,NorthOps,Outbound Sales,451,16,0,40.04,0.00,0.0000,0.0355
2026-01-12,C002,NorthOps,Referral,455,24,1,0.00,681.90,0.0417,0.0527
2026-01-13,C002,NorthOps,SEO,279,8,0,84.53,0.00,0.0000,0.0287
2026-01-13,C002,NorthOps,Paid Search,279,11,0,371.92,0.00,0.0000,0.0394
2026-01-13,C002,NorthOps,Content,378,12,0,91.58,0.00,0.0000,0.0317
2026-01-13,C002,NorthOps,LinkedIn Ads,359,3,0,207.84,0.00,0.0000,0.0084
2026-01-13,C002,NorthOps,Partnerships,258,25,0,84.53,0.00,0.0000,0.0969
2026-01-13,C002,NorthOps,Outbound Sales,423,20,0,40.17,0.00,0.0000,0.0473
2026-01-13,C002,NorthOps,Referral,340,31,1,0.00,502.74,0.0323,0.0912
2026-01-14,C002,NorthOps,SEO,457,8,0,256.74,0.00,0.0000,0.0175
2026-01-14,C002,NorthOps,Paid Search,788,56,1,1129.56,522.99,0.0179,0.0711
2026-01-14,C002,NorthOps,Content,276,18,0,278.14,0.00,0.0000,0.0652
2026-01-14,C002,NorthOps,LinkedIn Ads,561,24,0,631.22,0.00,0.0000,0.0428
2026-01-14,C002,NorthOps,Partnerships,255,4,0,256.74,0.00,0.0000,0.0157
2026-01-14,C002,NorthOps,Outbound Sales,165,12,0,122.00,0.00,0.0000,0.0727
2026-01-14,C002,NorthOps,Referral,706,47,2,0.00,1139.68,0.0426,0.0666
2026-01-15,C002,NorthOps,SEO,517,14,0,180.32,0.00,0.0000,0.0271
2026-01-15,C002,NorthOps,Paid Search,460,27,1,793.34,748.60,0.0370,0.0587
2026-01-15,C002,NorthOps,Content,180,3,0,195.35,0.00,0.0000,0.0167
2026-01-15,C002,NorthOps,LinkedIn Ads,177,12,0,443.33,0.00,0.0000,0.0678
2026-01-15,C002,NorthOps,Partnerships,408,12,0,180.32,0.00,0.0000,0.0294
2026-01-15,C002,NorthOps,Outbound Sales,270,16,0,85.68,0.00,0.0000,0.0593
2026-01-15,C002,NorthOps,Referral,449,56,1,0.00,727.61,0.0179,0.1247
2026-01-16,C002,NorthOps,SEO,565,18,0,92.65,0.00,0.0000,0.0319
2026-01-16,C002,NorthOps,Paid Search,417,20,0,407.62,0.00,0.0000,0.0480
2026-01-16,C002,NorthOps,Content,463,9,0,100.37,0.00,0.0000,0.0194
2026-01-16,C002,NorthOps,LinkedIn Ads,243,24,0,227.79,0.00,0.0000,0.0988
2026-01-16,C002,NorthOps,Partnerships,592,24,0,92.65,0.00,0.0000,0.0405
2026-01-16,C002,NorthOps,Outbound Sales,112,25,0,44.03,0.00,0.0000,0.2232
2026-01-16,C002,NorthOps,Referral,306,39,1,0.00,598.31,0.0256,0.1275
2026-01-17,C002,NorthOps,SEO,382,24,0,265.68,0.00,0.0000,0.0628
2026-01-17,C002,NorthOps,Paid Search,788,61,1,1168.90,539.83,0.0164,0.0774
2026-01-17,C002,NorthOps,Content,591,8,0,287.83,0.00,0.0000,0.0135
2026-01-17,C002,NorthOps,LinkedIn Ads,189,5,0,653.21,0.00,0.0000,0.0265
2026-01-17,C002,NorthOps,Partnerships,236,2,0,265.68,0.00,0.0000,0.0085
2026-01-17,C002,NorthOps,Outbound Sales,475,15,0,126.25,0.00,0.0000,0.0316
2026-01-17,C002,NorthOps,Referral,974,67,2,0.00,1503.37,0.0299,0.0688
2026-01-18,C002,NorthOps,SEO,0,0,0,363.07,0.00,0.0000,0.0000
2026-01-18,C002,NorthOps,Paid Search,519,60,1,1597.35,557.67,0.0167,0.1156
2026-01-18,C002,NorthOps,Content,296,3,0,393.32,0.00,0.0000,0.0101
2026-01-18,C002,NorthOps,LinkedIn Ads,549,37,1,892.64,690.16,0.0270,0.0674
2026-01-18,C002,NorthOps,Partnerships,400,15,0,363.07,0.00,0.0000,0.0375
2026-01-18,C002,NorthOps,Outbound Sales,1197,69,1,172.51,554.58,0.0145,0.0576
2026-01-18,C002,NorthOps,Referral,380,26,1,0.00,565.64,0.0385,0.0684
2026-01-19,C002,NorthOps,SEO,182,11,0,321.92,0.00,0.0000,0.0604
2026-01-19,C002,NorthOps,Paid Search,729,51,1,1416.32,661.76,0.0196,0.0700
2026-01-19,C002,NorthOps,Content,214,25,0,348.75,0.00,0.0000,0.1168
2026-01-19,C002,NorthOps,LinkedIn Ads,871,102,1,791.47,585.25,0.0098,0.1171
2026-01-19,C002,NorthOps,Partnerships,458,12,0,321.92,0.00,0.0000,0.0262
2026-01-19,C002,NorthOps,Outbound Sales,616,67,1,152.96,570.76,0.0149,0.1088
2026-01-19,C002,NorthOps,Referral,459,25,1,0.00,639.31,0.0400,0.0545
2026-01-20,C002,NorthOps,SEO,396,14,0,93.86,0.00,0.0000,0.0354
2026-01-20,C002,NorthOps,Paid Search,484,16,0,412.92,0.00,0.0000,0.0331
2026-01-20,C002,NorthOps,Content,343,19,0,101.68,0.00,0.0000,0.0554
2026-01-20,C002,NorthOps,LinkedIn Ads,595,6,0,230.75,0.00,0.0000,0.0101
2026-01-20,C002,NorthOps,Partnerships,203,10,0,93.86,0.00,0.0000,0.0493
2026-01-20,C002,NorthOps,Outbound Sales,117,5,0,44.59,0.00,0.0000,0.0427
2026-01-20,C002,NorthOps,Referral,395,19,1,0.00,666.34,0.0526,0.0481
2026-01-21,C002,NorthOps,SEO,0,0,0,93.65,0.00,0.0000,0.0000
2026-01-21,C002,NorthOps,Paid Search,561,2,0,412.04,0.00,0.0000,0.0036
2026-01-21,C002,NorthOps,Content,470,13,0,101.46,0.00,0.0000,0.0277
2026-01-21,C002,NorthOps,LinkedIn Ads,175,23,0,230.26,0.00,0.0000,0.1314
2026-01-21,C002,NorthOps,Partnerships,319,3,0,93.65,0.00,0.0000,0.0094
2026-01-21,C002,NorthOps,Outbound Sales,283,20,0,44.50,0.00,0.0000,0.0707
2026-01-21,C002,NorthOps,Referral,417,47,1,0.00,665.48,0.0213,0.1127
2026-01-22,C002,NorthOps,SEO,251,10,0,100.68,0.00,0.0000,0.0398
2026-01-22,C002,NorthOps,Paid Search,429,17,0,442.96,0.00,0.0000,0.0396
2026-01-22,C002,NorthOps,Content,336,10,0,109.07,0.00,0.0000,0.0298
2026-01-22,C002,NorthOps,LinkedIn Ads,456,8,0,247.54,0.00,0.0000,0.0175
2026-01-22,C002,NorthOps,Partnerships,105,9,0,100.68,0.00,0.0000,0.0857
2026-01-22,C002,NorthOps,Outbound Sales,306,7,0,47.84,0.00,0.0000,0.0229
2026-01-22,C002,NorthOps,Referral,256,31,1,0.00,716.07,0.0323,0.1211
2026-01-23,C002,NorthOps,SEO,463,8,0,372.82,0.00,0.0000,0.0173
2026-01-23,C002,NorthOps,Paid Search,522,34,1,1640.25,599.70,0.0294,0.0651
2026-01-23,C002,NorthOps,Content,599,25,0,403.89,0.00,0.0000,0.0417
2026-01-23,C002,NorthOps,LinkedIn Ads,731,69,1,916.61,653.53,0.0145,0.0944
2026-01-23,C002,NorthOps,Partnerships,139,2,0,372.82,0.00,0.0000,0.0144
2026-01-23,C002,NorthOps,Outbound Sales,1209,97,1,177.14,729.14,0.0103,0.0802
2026-01-23,C002,NorthOps,Referral,318,32,1,0.00,745.35,0.0312,0.1006
2026-01-24,C002,NorthOps,SEO,328,22,0,92.07,0.00,0.0000,0.0671
2026-01-24,C002,NorthOps,Paid Search,620,24,0,405.07,0.00,0.0000,0.0387
2026-01-24,C002,NorthOps,Content,174,10,0,99.74,0.00,0.0000,0.0575
2026-01-24,C002,NorthOps,LinkedIn Ads,605,12,0,226.36,0.00,0.0000,0.0198
2026-01-24,C002,NorthOps,Partnerships,585,6,0,92.07,0.00,0.0000,0.0103
2026-01-24,C002,NorthOps,Outbound Sales,348,16,0,43.75,0.00,0.0000,0.0460
2026-01-24,C002,NorthOps,Referral,329,26,1,0.00,744.11,0.0385,0.0790
2026-01-25,C002,NorthOps,SEO,262,9,0,351.36,0.00,0.0000,0.0344
2026-01-25,C002,NorthOps,Paid Search,875,71,1,1545.83,610.90,0.0141,0.0811
2026-01-25,C002,NorthOps,Content,171,4,0,380.64,0.00,0.0000,0.0234
2026-01-25,C002,NorthOps,LinkedIn Ads,855,113,1,863.85,493.38,0.0088,0.1322
2026-01-25,C002,NorthOps,Partnerships,0,0,0,351.36,0.00,0.0000,0.0000
2026-01-25,C002,NorthOps,Outbound Sales,737,68,1,166.94,560.83,0.0147,0.0923
2026-01-25,C002,NorthOps,Referral,394,43,1,0.00,681.02,0.0233,0.1091
2026-01-26,C002,NorthOps,SEO,379,22,0,92.13,0.00,0.0000,0.0580
2026-01-26,C002,NorthOps,Paid Search,456,8,0,405.33,0.00,0.0000,0.0175
2026-01-26,C002,NorthOps,Content,476,7,0,99.81,0.00,0.0000,0.0147
2026-01-26,C002,NorthOps,LinkedIn Ads,189,19,0,226.51,0.00,0.0000,0.1005
2026-01-26,C002,NorthOps,Partnerships,0,0,0,92.13,0.00,0.0000,0.0000
2026-01-26,C002,NorthOps,Outbound Sales,263,23,0,43.76,0.00,0.0000,0.0875
2026-01-26,C002,NorthOps,Referral,455,32,1,0.00,554.65,0.0312,0.0703
2026-01-27,C002,NorthOps,SEO,0,0,0,378.03,0.00,0.0000,0.0000
2026-01-27,C002,NorthOps,Paid Search,508,36,1,1663.16,670.52,0.0278,0.0709
2026-01-27,C002,NorthOps,Content,331,19,0,409.53,0.00,0.0000,0.0574
2026-01-27,C002,NorthOps,LinkedIn Ads,604,40,1,929.41,580.29,0.0250,0.0662
2026-01-27,C002,NorthOps,Partnerships,304,17,0,378.03,0.00,0.0000,0.0559
2026-01-27,C002,NorthOps,Outbound Sales,1085,97,1,179.61,608.04,0.0103,0.0894
2026-01-27,C002,NorthOps,Referral,522,60,1,0.00,746.56,0.0167,0.1149
2026-01-28,C002,NorthOps,SEO,133,23,0,306.79,0.00,0.0000,0.1729
2026-01-28,C002,NorthOps,Paid Search,598,46,1,1349.73,694.94,0.0217,0.0769
2026-01-28,C002,NorthOps,Content,276,4,0,332.35,0.00,0.0000,0.0145
2026-01-28,C002,NorthOps,LinkedIn Ads,324,8,0,754.26,0.00,0.0000,0.0247
2026-01-28,C002,NorthOps,Partnerships,592,24,0,306.79,0.00,0.0000,0.0405
2026-01-28,C002,NorthOps,Outbound Sales,481,5,0,145.78,0.00,0.0000,0.0104
2026-01-28,C002,NorthOps,Referral,582,32,2,0.00,1204.25,0.0625,0.0550
2026-01-29,C002,NorthOps,SEO,310,17,1,508.91,744.92,0.0588,0.0548
2026-01-29,C002,NorthOps,Paid Search,1632,141,2,2238.99,1456.62,0.0142,0.0864
2026-01-29,C002,NorthOps,Content,378,44,1,551.32,692.11,0.0227,0.1164
2026-01-29,C002,NorthOps,LinkedIn Ads,550,54,1,1251.20,647.11,0.0185,0.0982
2026-01-29,C002,NorthOps,Partnerships,707,77,1,508.91,632.99,0.0130,0.1089
2026-01-29,C002,NorthOps,Outbound Sales,492,7,0,241.81,0.00,0.0000,0.0142
2026-01-29,C002,NorthOps,Referral,154,24,0,0.00,0.00,0.0000,0.1558
2026-01-30,C002,NorthOps,SEO,247,22,0,86.34,0.00,0.0000,0.0891
2026-01-30,C002,NorthOps,Paid Search,223,5,0,379.86,0.00,0.0000,0.0224
2026-01-30,C002,NorthOps,Content,308,22,0,93.54,0.00,0.0000,0.0714
2026-01-30,C002,NorthOps,LinkedIn Ads,269,22,0,212.28,0.00,0.0000,0.0818
2026-01-30,C002,NorthOps,Partnerships,178,11,0,86.34,0.00,0.0000,0.0618
2026-01-30,C002,NorthOps,Outbound Sales,472,5,0,41.02,0.00,0.0000,0.0106
2026-01-30,C002,NorthOps,Referral,263,13,1,0.00,645.34,0.0769,0.0494
2026-01-31,C002,NorthOps,SEO,560,24,0,83.77,0.00,0.0000,0.0429
2026-01-31,C002,NorthOps,Paid Search,0,0,0,368.55,0.00,0.0000,0.0000
2026-01-31,C002,NorthOps,Content,102,17,0,90.75,0.00,0.0000,0.1667
2026-01-31,C002,NorthOps,LinkedIn Ads,513,14,0,205.95,0.00,0.0000,0.0273
2026-01-31,C002,NorthOps,Partnerships,300,8,0,83.77,0.00,0.0000,0.0267
2026-01-31,C002,NorthOps,Outbound Sales,386,1,0,39.80,0.00,0.0000,0.0026
2026-01-31,C002,NorthOps,Referral,276,12,1,0.00,534.03,0.0833,0.0435
2026-02-01,C002,NorthOps,SEO,127,11,0,93.22,0.00,0.0000,0.0866
2026-02-01,C002,NorthOps,Paid Search,519,2,0,410.13,0.00,0.0000,0.0039
2026-02-01,C002,NorthOps,Content,425,8,0,100.99,0.00,0.0000,0.0188
2026-02-01,C002,NorthOps,LinkedIn Ads,172,3,0,229.19,0.00,0.0000,0.0174
2026-02-01,C002,NorthOps,Partnerships,526,9,0,93.22,0.00,0.0000,0.0171
2026-02-01,C002,NorthOps,Outbound Sales,223,11,0,44.30,0.00,0.0000,0.0493
2026-02-01,C002,NorthOps,Referral,398,44,1,0.00,625.24,0.0227,0.1106
2026-02-02,C002,NorthOps,SEO,295,3,0,309.00,0.00,0.0000,0.0102
2026-02-02,C002,NorthOps,Paid Search,598,41,1,1359.46,711.58,0.0244,0.0686
2026-02-02,C002,NorthOps,Content,157,8,0,334.75,0.00,0.0000,0.0510
2026-02-02,C002,NorthOps,LinkedIn Ads,442,21,0,759.70,0.00,0.0000,0.0475
2026-02-02,C002,NorthOps,Partnerships,283,5,0,309.00,0.00,0.0000,0.0177
2026-02-02,C002,NorthOps,Outbound Sales,141,25,0,146.81,0.00,0.0000,0.1773
2026-02-02,C002,NorthOps,Referral,788,79,2,0.00,1472.68,0.0253,0.1003
2026-02-03,C002,NorthOps,SEO,116,17,0,80.82,0.00,0.0000,0.1466
2026-02-03,C002,NorthOps,Paid Search,158,11,0,355.56,0.00,0.0000,0.0696
2026-02-03,C002,NorthOps,Content,269,20,0,87.55,0.00,0.0000,0.0743
2026-02-03,C002,NorthOps,LinkedIn Ads,419,24,0,198.70,0.00,0.0000,0.0573
2026-02-03,C002,NorthOps,Partnerships,338,15,0,80.82,0.00,0.0000,0.0444
2026-02-03,C002,NorthOps,Outbound Sales,199,5,0,38.40,0.00,0.0000,0.0251
2026-02-03,C002,NorthOps,Referral,261,14,1,0.00,611.82,0.0714,0.0536
2026-02-04,C002,NorthOps,SEO,439,24,0,336.17,0.00,0.0000,0.0547
2026-02-04,C002,NorthOps,Paid Search,794,105,1,1478.99,763.00,0.0095,0.1322
2026-02-04,C002,NorthOps,Content,214,16,0,364.18,0.00,0.0000,0.0748
2026-02-04,C002,NorthOps,LinkedIn Ads,729,71,1,826.49,581.39,0.0141,0.0974
2026-02-04,C002,NorthOps,Partnerships,422,23,0,336.17,0.00,0.0000,0.0545
2026-02-04,C002,NorthOps,Outbound Sales,1039,59,1,159.72,542.63,0.0169,0.0568
2026-02-04,C002,NorthOps,Referral,332,22,1,0.00,674.43,0.0455,0.0663
2026-02-05,C002,NorthOps,SEO,423,17,0,204.99,0.00,0.0000,0.0402
2026-02-05,C002,NorthOps,Paid Search,785,74,1,901.87,509.22,0.0135,0.0943
2026-02-05,C002,NorthOps,Content,113,4,0,222.07,0.00,0.0000,0.0354
2026-02-05,C002,NorthOps,LinkedIn Ads,494,13,0,503.99,0.00,0.0000,0.0263
2026-02-05,C002,NorthOps,Partnerships,558,22,0,204.99,0.00,0.0000,0.0394
2026-02-05,C002,NorthOps,Outbound Sales,181,21,0,97.41,0.00,0.0000,0.1160
2026-02-05,C002,NorthOps,Referral,476,39,1,0.00,515.19,0.0256,0.0819
2026-02-06,C002,NorthOps,SEO,234,7,0,260.79,0.00,0.0000,0.0299
2026-02-06,C002,NorthOps,Paid Search,838,63,1,1147.35,742.21,0.0159,0.0752
2026-02-06,C002,NorthOps,Content,125,15,0,282.52,0.00,0.0000,0.1200
2026-02-06,C002,NorthOps,LinkedIn Ads,445,9,0,641.17,0.00,0.0000,0.0202
2026-02-06,C002,NorthOps,Partnerships,214,25,0,260.79,0.00,0.0000,0.1168
2026-02-06,C002,NorthOps,Outbound Sales,515,12,0,123.90,0.00,0.0000,0.0233
2026-02-06,C002,NorthOps,Referral,646,33,2,0.00,1190.61,0.0606,0.0511
2026-02-07,C002,NorthOps,SEO,264,7,0,98.32,0.00,0.0000,0.0265
2026-02-07,C002,NorthOps,Paid Search,212,15,0,432.55,0.00,0.0000,0.0708
2026-02-07,C002,NorthOps,Content,400,5,0,106.51,0.00,0.0000,0.0125
2026-02-07,C002,NorthOps,LinkedIn Ads,492,24,0,241.72,0.00,0.0000,0.0488
2026-02-07,C002,NorthOps,Partnerships,84,4,0,98.32,0.00,0.0000,0.0476
2026-02-07,C002,NorthOps,Outbound Sales,556,19,0,46.70,0.00,0.0000,0.0342
2026-02-07,C002,NorthOps,Referral,454,30,1,0.00,708.36,0.0333,0.0661
2026-02-08,C002,NorthOps,SEO,512,19,0,96.72,0.00,0.0000,0.0371
2026-02-08,C002,NorthOps,Paid Search,81,1,0,425.51,0.00,0.0000,0.0123
2026-02-08,C002,NorthOps,Content,0,0,0,104.78,0.00,0.0000,0.0000
2026-02-08,C002,NorthOps,LinkedIn Ads,507,12,0,237.79,0.00,0.0000,0.0237
2026-02-08,C002,NorthOps,Partnerships,479,6,0,96.72,0.00,0.0000,0.0125
2026-02-08,C002,NorthOps,Outbound Sales,229,21,0,45.95,0.00,0.0000,0.0917
2026-02-08,C002,NorthOps,Referral,271,24,1,0.00,733.30,0.0417,0.0886
2026-02-09,C002,NorthOps,SEO,537,22,0,82.77,0.00,0.0000,0.0410
2026-02-09,C002,NorthOps,Paid Search,455,12,0,364.15,0.00,0.0000,0.0264
2026-02-09,C002,NorthOps,Content,345,23,0,89.67,0.00,0.0000,0.0667
2026-02-09,C002,NorthOps,LinkedIn Ads,119,1,0,203.49,0.00,0.0000,0.0084
2026-02-09,C002,NorthOps,Partnerships,183,22,0,82.77,0.00,0.0000,0.1202
2026-02-09,C002,NorthOps,Outbound Sales,390,24,0,39.32,0.00,0.0000,0.0615
2026-02-09,C002,NorthOps,Referral,273,35,1,0.00,557.14,0.0286,0.1282
2026-02-10,C002,NorthOps,SEO,101,10,0,95.91,0.00,0.0000,0.0990
2026-02-10,C002,NorthOps,Paid Search,454,13,0,421.95,0.00,0.0000,0.0286
2026-02-10,C002,NorthOps,Content,410,19,0,103.90,0.00,0.0000,0.0463
2026-02-10,C002,NorthOps,LinkedIn Ads,137,5,0,235.80,0.00,0.0000,0.0365
2026-02-10,C002,NorthOps,Partnerships,179,15,0,95.91,0.00,0.0000,0.0838
2026-02-10,C002,NorthOps,Outbound Sales,386,19,0,45.56,0.00,0.0000,0.0492
2026-02-10,C002,NorthOps,Referral,327,36,1,0.00,537.69,0.0278,0.1101
2026-02-11,C002,NorthOps,SEO,138,25,0,98.88,0.00,0.0000,0.1812
2026-02-11,C002,NorthOps,Paid Search,591,4,0,435.03,0.00,0.0000,0.0068
2026-02-11,C002,NorthOps,Content,274,23,0,107.12,0.00,0.0000,0.0839
2026-02-11,C002,NorthOps,LinkedIn Ads,222,24,0,243.11,0.00,0.0000,0.1081
2026-02-11,C002,NorthOps,Partnerships,343,24,0,98.88,0.00,0.0000,0.0700
2026-02-11,C002,NorthOps,Outbound Sales,105,13,0,46.98,0.00,0.0000,0.1238
2026-02-11,C002,NorthOps,Referral,489,36,1,0.00,754.47,0.0278,0.0736
2026-02-12,C002,NorthOps,SEO,431,8,0,189.57,0.00,0.0000,0.0186
2026-02-12,C002,NorthOps,Paid Search,522,50,1,834.04,702.53,0.0200,0.0958
2026-02-12,C002,NorthOps,Content,431,6,0,205.37,0.00,0.0000,0.0139
2026-02-12,C002,NorthOps,LinkedIn Ads,0,0,0,466.08,0.00,0.0000,0.0000
2026-02-12,C002,NorthOps,Partnerships,453,14,0,189.57,0.00,0.0000,0.0309
2026-02-12,C002,NorthOps,Outbound Sales,140,2,0,90.08,0.00,0.0000,0.0143
2026-02-12,C002,NorthOps,Referral,446,54,1,0.00,665.33,0.0185,0.1211
2026-02-13,C002,NorthOps,SEO,198,5,0,165.18,0.00,0.0000,0.0253
2026-02-13,C002,NorthOps,Paid Search,624,83,1,726.74,614.48,0.0120,0.1330
2026-02-13,C002,NorthOps,Content,432,21,0,178.95,0.00,0.0000,0.0486
2026-02-13,C002,NorthOps,LinkedIn Ads,432,12,0,406.12,0.00,0.0000,0.0278
2026-02-13,C002,NorthOps,Partnerships,585,2,0,165.18,0.00,0.0000,0.0034
2026-02-13,C002,NorthOps,Outbound Sales,230,3,0,78.50,0.00,0.0000,0.0130
2026-02-13,C002,NorthOps,Referral,379,37,1,0.00,740.93,0.0270,0.0976
2026-02-14,C002,NorthOps,SEO,84,4,0,186.40,0.00,0.0000,0.0476
2026-02-14,C002,NorthOps,Paid Search,527,57,1,820.07,647.86,0.0175,0.1082
2026-02-14,C002,NorthOps,Content,506,13,0,201.93,0.00,0.0000,0.0257
2026-02-14,C002,NorthOps,LinkedIn Ads,0,0,0,458.27,0.00,0.0000,0.0000
2026-02-14,C002,NorthOps,Partnerships,464,17,0,186.40,0.00,0.0000,0.0366
2026-02-14,C002,NorthOps,Outbound Sales,192,20,0,88.56,0.00,0.0000,0.1042
2026-02-14,C002,NorthOps,Referral,506,35,1,0.00,699.03,0.0286,0.0692
2026-02-15,C002,NorthOps,SEO,450,3,0,205.43,0.00,0.0000,0.0067
2026-02-15,C002,NorthOps,Paid Search,610,33,1,903.82,542.78,0.0303,0.0541
2026-02-15,C002,NorthOps,Content,397,2,0,222.55,0.00,0.0000,0.0050
2026-02-15,C002,NorthOps,LinkedIn Ads,0,0,0,505.08,0.00,0.0000,0.0000
2026-02-15,C002,NorthOps,Partnerships,299,3,0,205.43,0.00,0.0000,0.0100
2026-02-15,C002,NorthOps,Outbound Sales,249,17,0,97.62,0.00,0.0000,0.0683
2026-02-15,C002,NorthOps,Referral,319,24,1,0.00,528.59,0.0417,0.0752
2026-02-16,C002,NorthOps,SEO,395,1,0,80.57,0.00,0.0000,0.0025
2026-02-16,C002,NorthOps,Paid Search,190,2,0,354.48,0.00,0.0000,0.0105
2026-02-16,C002,NorthOps,Content,522,6,0,87.29,0.00,0.0000,0.0115
2026-02-16,C002,NorthOps,LinkedIn Ads,223,3,0,198.09,0.00,0.0000,0.0135
2026-02-16,C002,NorthOps,Partnerships,428,5,0,80.57,0.00,0.0000,0.0117
2026-02-16,C002,NorthOps,Outbound Sales,259,11,0,38.29,0.00,0.0000,0.0425
2026-02-16,C002,NorthOps,Referral,527,20,1,0.00,707.46,0.0500,0.0380
2026-02-17,C002,NorthOps,SEO,392,22,0,100.61,0.00,0.0000,0.0561
2026-02-17,C002,NorthOps,Paid Search,232,6,0,442.62,0.00,0.0000,0.0259
2026-02-17,C002,NorthOps,Content,137,19,0,108.99,0.00,0.0000,0.1387
2026-02-17,C002,NorthOps,LinkedIn Ads,413,25,0,247.35,0.00,0.0000,0.0605
2026-02-17,C002,NorthOps,Partnerships,193,16,0,100.61,0.00,0.0000,0.0829
2026-02-17,C002,NorthOps,Outbound Sales,307,14,0,47.79,0.00,0.0000,0.0456
2026-02-17,C002,NorthOps,Referral,308,36,1,0.00,721.98,0.0278,0.1169
2026-02-18,C002,NorthOps,SEO,430,8,0,406.56,0.00,0.0000,0.0186
2026-02-18,C002,NorthOps,Paid Search,617,28,1,1788.68,744.31,0.0357,0.0454
2026-02-18,C002,NorthOps,Content,155,3,0,440.44,0.00,0.0000,0.0194
2026-02-18,C002,NorthOps,LinkedIn Ads,684,47,1,999.56,695.35,0.0213,0.0687
2026-02-18,C002,NorthOps,Partnerships,187,7,0,406.56,0.00,0.0000,0.0374
2026-02-18,C002,NorthOps,Outbound Sales,729,93,1,193.18,619.31,0.0108,0.1276
2026-02-18,C002,NorthOps,Referral,395,50,1,0.00,549.13,0.0200,0.1266
2026-02-19,C002,NorthOps,SEO,220,10,0,90.47,0.00,0.0000,0.0455
2026-02-19,C002,NorthOps,Paid Search,563,14,0,398.02,0.00,0.0000,0.0249
2026-02-19,C002,NorthOps,Content,259,5,0,98.01,0.00,0.0000,0.0193
2026-02-19,C002,NorthOps,LinkedIn Ads,596,16,0,222.42,0.00,0.0000,0.0268
2026-02-19,C002,NorthOps,Partnerships,0,0,0,90.47,0.00,0.0000,0.0000
2026-02-19,C002,NorthOps,Outbound Sales,325,18,0,42.99,0.00,0.0000,0.0554
2026-02-19,C002,NorthOps,Referral,427,21,1,0.00,736.98,0.0476,0.0492
2026-02-20,C002,NorthOps,SEO,205,25,0,194.19,0.00,0.0000,0.1220
2026-02-20,C002,NorthOps,Paid Search,668,24,1,854.34,601.58,0.0417,0.0359
2026-02-20,C002,NorthOps,Content,98,2,0,210.37,0.00,0.0000,0.0204
2026-02-20,C002,NorthOps,LinkedIn Ads,127,23,0,477.43,0.00,0.0000,0.1811
2026-02-20,C002,NorthOps,Partnerships,464,5,0,194.19,0.00,0.0000,0.0108
2026-02-20,C002,NorthOps,Outbound Sales,432,12,0,92.27,0.00,0.0000,0.0278
2026-02-20,C002,NorthOps,Referral,338,38,1,0.00,750.15,0.0263,0.1124
2026-02-21,C002,NorthOps,SEO,473,21,0,81.42,0.00,0.0000,0.0444
2026-02-21,C002,NorthOps,Paid Search,466,11,0,358.20,0.00,0.0000,0.0236
2026-02-21,C002,NorthOps,Content,227,6,0,88.20,0.00,0.0000,0.0264
2026-02-21,C002,NorthOps,LinkedIn Ads,318,24,0,200.17,0.00,0.0000,0.0755
2026-02-21,C002,NorthOps,Partnerships,529,16,0,81.42,0.00,0.0000,0.0302
2026-02-21,C002,NorthOps,Outbound Sales,221,16,0,38.68,0.00,0.0000,0.0724
2026-02-21,C002,NorthOps,Referral,409,49,1,0.00,614.07,0.0204,0.1198
2026-02-22,C002,NorthOps,SEO,164,2,0,102.97,0.00,0.0000,0.0122
2026-02-22,C002,NorthOps,Paid Search,367,5,0,453.03,0.00,0.0000,0.0136
2026-02-22,C002,NorthOps,Content,123,20,0,111.55,0.00,0.0000,0.1626
2026-02-22,C002,NorthOps,LinkedIn Ads,521,11,0,253.16,0.00,0.0000,0.0211
2026-02-22,C002,NorthOps,Partnerships,342,25,0,102.97,0.00,0.0000,0.0731
2026-02-22,C002,NorthOps,Outbound Sales,434,20,0,48.93,0.00,0.0000,0.0461
2026-02-22,C002,NorthOps,Referral,449,40,1,0.00,612.22,0.0250,0.0891
2026-02-23,C002,NorthOps,SEO,152,24,0,167.19,0.00,0.0000,0.1579
2026-02-23,C002,NorthOps,Paid Search,858,85,1,735.59,685.63,0.0118,0.0991
2026-02-23,C002,NorthOps,Content,259,22,0,181.13,0.00,0.0000,0.0849
2026-02-23,C002,NorthOps,LinkedIn Ads,360,14,0,411.06,0.00,0.0000,0.0389
2026-02-23,C002,NorthOps,Partnerships,242,11,0,167.19,0.00,0.0000,0.0455
2026-02-23,C002,NorthOps,Outbound Sales,0,0,0,79.45,0.00,0.0000,0.0000
2026-02-23,C002,NorthOps,Referral,399,20,1,0.00,745.12,0.0500,0.0501
2026-02-24,C002,NorthOps,SEO,254,24,0,366.65,0.00,0.0000,0.0945
2026-02-24,C002,NorthOps,Paid Search,842,59,1,1613.10,691.09,0.0169,0.0701
2026-02-24,C002,NorthOps,Content,114,9,0,397.20,0.00,0.0000,0.0789
2026-02-24,C002,NorthOps,LinkedIn Ads,614,27,1,901.44,657.08,0.0370,0.0440
2026-02-24,C002,NorthOps,Partnerships,388,24,0,366.65,0.00,0.0000,0.0619
2026-02-24,C002,NorthOps,Outbound Sales,1187,125,1,174.22,758.35,0.0080,0.1053
2026-02-24,C002,NorthOps,Referral,368,31,1,0.00,656.24,0.0323,0.0842
2026-02-25,C002,NorthOps,SEO,360,26,1,415.13,584.59,0.0385,0.0722
2026-02-25,C002,NorthOps,Paid Search,613,57,1,1826.39,690.05,0.0175,0.0930
2026-02-25,C002,NorthOps,Content,547,65,1,449.72,534.71,0.0154,0.1188
2026-02-25,C002,NorthOps,LinkedIn Ads,830,92,1,1020.63,528.04,0.0109,0.1108
2026-02-25,C002,NorthOps,Partnerships,441,25,1,415.13,761.80,0.0400,0.0567
2026-02-25,C002,NorthOps,Outbound Sales,482,18,0,197.26,0.00,0.0000,0.0373
2026-02-25,C002,NorthOps,Referral,272,13,0,0.00,0.00,0.0000,0.0478
2026-02-26,C002,NorthOps,SEO,400,9,0,83.94,0.00,0.0000,0.0225
2026-02-26,C002,NorthOps,Paid Search,352,4,0,369.30,0.00,0.0000,0.0114
2026-02-26,C002,NorthOps,Content,395,21,0,90.94,0.00,0.0000,0.0532
2026-02-26,C002,NorthOps,LinkedIn Ads,366,3,0,206.38,0.00,0.0000,0.0082
2026-02-26,C002,NorthOps,Partnerships,541,15,0,83.94,0.00,0.0000,0.0277
2026-02-26,C002,NorthOps,Outbound Sales,465,3,0,39.88,0.00,0.0000,0.0065
2026-02-26,C002,NorthOps,Referral,422,52,1,0.00,649.79,0.0192,0.1232
2026-02-27,C002,NorthOps,SEO,140,11,0,264.17,0.00,0.0000,0.0786
2026-02-27,C002,NorthOps,Paid Search,849,75,1,1162.25,662.56,0.0133,0.0883
2026-02-27,C002,NorthOps,Content,413,10,0,286.19,0.00,0.0000,0.0242
2026-02-27,C002,NorthOps,LinkedIn Ads,544,58,1,649.49,589.44,0.0172,0.1066
2026-02-27,C002,NorthOps,Partnerships,372,4,0,264.17,0.00,0.0000,0.0108
2026-02-27,C002,NorthOps,Outbound Sales,306,3,0,125.53,0.00,0.0000,0.0098
2026-02-27,C002,NorthOps,Referral,316,18,1,0.00,658.54,0.0556,0.0570
2026-02-28,C002,NorthOps,SEO,201,2,0,278.14,0.00,0.0000,0.0100
2026-02-28,C002,NorthOps,Paid Search,630,42,1,1223.69,527.88,0.0238,0.0667
2026-02-28,C002,NorthOps,Content,266,10,0,301.32,0.00,0.0000,0.0376
2026-02-28,C002,NorthOps,LinkedIn Ads,247,22,0,683.82,0.00,0.0000,0.0891
2026-02-28,C002,NorthOps,Partnerships,207,13,0,278.14,0.00,0.0000,0.0628
2026-02-28,C002,NorthOps,Outbound Sales,116,3,0,132.15,0.00,0.0000,0.0259
2026-02-28,C002,NorthOps,Referral,808,33,2,0.00,1479.62,0.0606,0.0408
2026-03-01,C002,NorthOps,SEO,275,6,0,245.37,0.00,0.0000,0.0218
2026-03-01,C002,NorthOps,Paid Search,469,53,1,1079.52,750.90,0.0189,0.1130
2026-03-01,C002,NorthOps,Content,350,23,0,265.82,0.00,0.0000,0.0657
2026-03-01,C002,NorthOps,LinkedIn Ads,318,16,0,603.26,0.00,0.0000,0.0503
2026-03-01,C002,NorthOps,Partnerships,0,0,0,245.37,0.00,0.0000,0.0000
2026-03-01,C002,NorthOps,Outbound Sales,588,22,0,116.59,0.00,0.0000,0.0374
2026-03-01,C002,NorthOps,Referral,853,69,2,0.00,1078.81,0.0290,0.0809
2026-03-02,C002,NorthOps,SEO,222,3,0,84.94,0.00,0.0000,0.0135
2026-03-02,C002,NorthOps,Paid Search,417,2,0,373.69,0.00,0.0000,0.0048
2026-03-02,C002,NorthOps,Content,555,21,0,92.02,0.00,0.0000,0.0378
2026-03-02,C002,NorthOps,LinkedIn Ads,569,2,0,208.83,0.00,0.0000,0.0035
2026-03-02,C002,NorthOps,Partnerships,208,21,0,84.94,0.00,0.0000,0.1010
2026-03-02,C002,NorthOps,Outbound Sales,502,12,0,40.35,0.00,0.0000,0.0239
2026-03-02,C002,NorthOps,Referral,543,61,1,0.00,507.42,0.0164,0.1123
2026-03-03,C002,NorthOps,SEO,367,8,0,413.09,0.00,0.0000,0.0218
2026-03-03,C002,NorthOps,Paid Search,852,61,1,1817.43,655.71,0.0164,0.0716
2026-03-03,C002,NorthOps,Content,569,24,0,447.52,0.00,0.0000,0.0422
2026-03-03,C002,NorthOps,LinkedIn Ads,638,64,1,1015.62,497.79,0.0156,0.1003
2026-03-03,C002,NorthOps,Partnerships,0,0,0,413.09,0.00,0.0000,0.0000
2026-03-03,C002,NorthOps,Outbound Sales,1067,54,1,196.29,661.24,0.0185,0.0506
2026-03-03,C002,NorthOps,Referral,478,49,1,0.00,700.99,0.0204,0.1025
2026-03-04,C002,NorthOps,SEO,115,17,0,182.50,0.00,0.0000,0.1478
2026-03-04,C002,NorthOps,Paid Search,606,79,1,802.92,613.56,0.0127,0.1304
2026-03-04,C002,NorthOps,Content,395,5,0,197.71,0.00,0.0000,0.0127
2026-03-04,C002,NorthOps,LinkedIn Ads,591,12,0,448.69,0.00,0.0000,0.0203
2026-03-04,C002,NorthOps,Partnerships,578,17,0,182.50,0.00,0.0000,0.0294
2026-03-04,C002,NorthOps,Outbound Sales,481,15,0,86.72,0.00,0.0000,0.0312
2026-03-04,C002,NorthOps,Referral,355,48,1,0.00,506.52,0.0208,0.1352
2026-03-05,C002,NorthOps,SEO,191,12,0,98.92,0.00,0.0000,0.0628
2026-03-05,C002,NorthOps,Paid Search,340,7,0,435.21,0.00,0.0000,0.0206
2026-03-05,C002,NorthOps,Content,206,9,0,107.16,0.00,0.0000,0.0437
2026-03-05,C002,NorthOps,LinkedIn Ads,524,13,0,243.21,0.00,0.0000,0.0248
2026-03-05,C002,NorthOps,Partnerships,491,12,0,98.92,0.00,0.0000,0.0244
2026-03-05,C002,NorthOps,Outbound Sales,430,6,0,47.01,0.00,0.0000,0.0140
2026-03-05,C002,NorthOps,Referral,493,51,1,0.00,658.92,0.0196,0.1034
2026-03-06,C002,NorthOps,SEO,360,9,0,99.83,0.00,0.0000,0.0250
2026-03-06,C002,NorthOps,Paid Search,197,23,0,439.21,0.00,0.0000,0.1168
2026-03-06,C002,NorthOps,Content,584,18,0,108.15,0.00,0.0000,0.0308
2026-03-06,C002,NorthOps,LinkedIn Ads,403,16,0,245.44,0.00,0.0000,0.0397
2026-03-06,C002,NorthOps,Partnerships,563,19,0,99.83,0.00,0.0000,0.0337
2026-03-06,C002,NorthOps,Outbound Sales,287,16,0,47.43,0.00,0.0000,0.0557
2026-03-06,C002,NorthOps,Referral,313,42,1,0.00,747.95,0.0238,0.1342
2026-03-07,C002,NorthOps,SEO,286,1,0,199.92,0.00,0.0000,0.0035
2026-03-07,C002,NorthOps,Paid Search,472,50,1,879.56,722.07,0.0200,0.1059
2026-03-07,C002,NorthOps,Content,308,20,0,216.58,0.00,0.0000,0.0649
2026-03-07,C002,NorthOps,LinkedIn Ads,342,21,0,491.52,0.00,0.0000,0.0614
2026-03-07,C002,NorthOps,Partnerships,564,9,0,199.92,0.00,0.0000,0.0160
2026-03-07,C002,NorthOps,Outbound Sales,249,6,0,95.00,0.00,0.0000,0.0241
2026-03-07,C002,NorthOps,Referral,258,30,1,0.00,671.00,0.0333,0.1163
2026-03-08,C002,NorthOps,SEO,404,19,0,273.43,0.00,0.0000,0.0470
2026-03-08,C002,NorthOps,Paid Search,595,43,1,1202.99,733.53,0.0233,0.0723
2026-03-08,C002,NorthOps,Content,201,7,0,296.22,0.00,0.0000,0.0348
2026-03-08,C002,NorthOps,LinkedIn Ads,355,18,0,672.26,0.00,0.0000,0.0507
2026-03-08,C002,NorthOps,Partnerships,427,10,0,273.43,0.00,0.0000,0.0234
2026-03-08,C002,NorthOps,Outbound Sales,316,13,0,129.92,0.00,0.0000,0.0411
2026-03-08,C002,NorthOps,Referral,605,82,2,0.00,1204.13,0.0244,0.1355
2026-03-09,C002,NorthOps,SEO,371,7,0,192.56,0.00,0.0000,0.0189
2026-03-09,C002,NorthOps,Paid Search,574,63,1,847.19,495.40,0.0159,0.1098
2026-03-09,C002,NorthOps,Content,156,21,0,208.61,0.00,0.0000,0.1346
2026-03-09,C002,NorthOps,LinkedIn Ads,460,9,0,473.43,0.00,0.0000,0.0196
2026-03-09,C002,NorthOps,Partnerships,491,14,0,192.56,0.00,0.0000,0.0285
2026-03-09,C002,NorthOps,Outbound Sales,181,9,0,91.49,0.00,0.0000,0.0497
2026-03-09,C002,NorthOps,Referral,477,31,1,0.00,741.84,0.0323,0.0650
2026-03-10,C002,NorthOps,SEO,577,15,0,89.23,0.00,0.0000,0.0260
2026-03-10,C002,NorthOps,Paid Search,247,3,0,392.59,0.00,0.0000,0.0121
2026-03-10,C002,NorthOps,Content,431,17,0,96.67,0.00,0.0000,0.0394
2026-03-10,C002,NorthOps,LinkedIn Ads,554,20,0,219.39,0.00,0.0000,0.0361
2026-03-10,C002,NorthOps,Partnerships,174,10,0,89.23,0.00,0.0000,0.0575
2026-03-10,C002,NorthOps,Outbound Sales,233,20,0,42.40,0.00,0.0000,0.0858
2026-03-10,C002,NorthOps,Referral,455,53,1,0.00,613.94,0.0189,0.1165
2026-03-11,C002,NorthOps,SEO,277,11,0,281.16,0.00,0.0000,0.0397
2026-03-11,C002,NorthOps,Paid Search,800,75,1,1236.97,750.71,0.0133,0.0938
2026-03-11,C002,NorthOps,Content,555,2,0,304.59,0.00,0.0000,0.0036
2026-03-11,C002,NorthOps,LinkedIn Ads,481,37,1,691.25,654.95,0.0270,0.0769
2026-03-11,C002,NorthOps,Partnerships,218,18,0,281.16,0.00,0.0000,0.0826
2026-03-11,C002,NorthOps,Outbound Sales,607,21,0,133.59,0.00,0.0000,0.0346
2026-03-11,C002,NorthOps,Referral,464,26,1,0.00,562.91,0.0385,0.0560
2026-03-12,C002,NorthOps,SEO,514,6,0,168.87,0.00,0.0000,0.0117
2026-03-12,C002,NorthOps,Paid Search,413,56,1,742.96,659.71,0.0179,0.1356
2026-03-12,C002,NorthOps,Content,181,14,0,182.94,0.00,0.0000,0.0773
2026-03-12,C002,NorthOps,LinkedIn Ads,318,21,0,415.18,0.00,0.0000,0.0660
2026-03-12,C002,NorthOps,Partnerships,143,3,0,168.87,0.00,0.0000,0.0210
2026-03-12,C002,NorthOps,Outbound Sales,145,19,0,80.24,0.00,0.0000,0.1310
2026-03-12,C002,NorthOps,Referral,401,30,1,0.00,674.47,0.0333,0.0748
2026-03-13,C002,NorthOps,SEO,229,14,0,335.12,0.00,0.0000,0.0611
2026-03-13,C002,NorthOps,Paid Search,607,37,1,1474.40,501.76,0.0270,0.0610
2026-03-13,C002,NorthOps,Content,472,23,0,363.05,0.00,0.0000,0.0487
2026-03-13,C002,NorthOps,LinkedIn Ads,820,81,1,823.93,744.82,0.0123,0.0988
2026-03-13,C002,NorthOps,Partnerships,606,23,0,335.12,0.00,0.0000,0.0380
2026-03-13,C002,NorthOps,Outbound Sales,1190,123,1,159.25,610.77,0.0081,0.1034
2026-03-13,C002,NorthOps,Referral,306,12,1,0.00,499.48,0.0833,0.0392
2026-03-14,C002,NorthOps,SEO,598,22,0,206.76,0.00,0.0000,0.0368
2026-03-14,C002,NorthOps,Paid Search,745,37,1,909.67,515.37,0.0270,0.0497
2026-03-14,C002,NorthOps,Content,375,16,0,223.99,0.00,0.0000,0.0427
2026-03-14,C002,NorthOps,LinkedIn Ads,0,0,0,508.35,0.00,0.0000,0.0000
2026-03-14,C002,NorthOps,Partnerships,614,24,0,206.76,0.00,0.0000,0.0391
2026-03-14,C002,NorthOps,Outbound Sales,225,21,0,98.26,0.00,0.0000,0.0933
2026-03-14,C002,NorthOps,Referral,427,57,1,0.00,531.95,0.0175,0.1335
2026-03-15,C002,NorthOps,SEO,428,15,1,451.90,670.31,0.0667,0.0350
2026-03-15,C002,NorthOps,Paid Search,1111,124,2,1988.18,1478.71,0.0161,0.1116
2026-03-15,C002,NorthOps,Content,288,36,1,489.56,666.86,0.0278,0.1250
2026-03-15,C002,NorthOps,LinkedIn Ads,426,20,1,1111.04,594.64,0.0500,0.0469
2026-03-15,C002,NorthOps,Partnerships,183,12,0,451.90,0.00,0.0000,0.0656
2026-03-15,C002,NorthOps,Outbound Sales,257,20,0,214.73,0.00,0.0000,0.0778
2026-03-15,C002,NorthOps,Referral,422,25,0,0.00,0.00,0.0000,0.0592
2026-03-16,C002,NorthOps,SEO,521,8,0,88.30,0.00,0.0000,0.0154
2026-03-16,C002,NorthOps,Paid Search,536,20,0,388.48,0.00,0.0000,0.0373
2026-03-16,C002,NorthOps,Content,258,20,0,95.66,0.00,0.0000,0.0775
2026-03-16,C002,NorthOps,LinkedIn Ads,541,14,0,217.09,0.00,0.0000,0.0259
2026-03-16,C002,NorthOps,Partnerships,408,21,0,88.30,0.00,0.0000,0.0515
2026-03-16,C002,NorthOps,Outbound Sales,128,2,0,41.96,0.00,0.0000,0.0156
2026-03-16,C002,NorthOps,Referral,403,31,1,0.00,671.60,0.0323,0.0769
2026-03-17,C002,NorthOps,SEO,271,5,0,81.44,0.00,0.0000,0.0185
2026-03-17,C002,NorthOps,Paid Search,555,10,0,358.28,0.00,0.0000,0.0180
2026-03-17,C002,NorthOps,Content,296,25,0,88.22,0.00,0.0000,0.0845
2026-03-17,C002,NorthOps,LinkedIn Ads,209,21,0,200.22,0.00,0.0000,0.1005
2026-03-17,C002,NorthOps,Partnerships,588,20,0,81.44,0.00,0.0000,0.0340
2026-03-17,C002,NorthOps,Outbound Sales,601,23,0,38.69,0.00,0.0000,0.0383
2026-03-17,C002,NorthOps,Referral,493,49,1,0.00,675.17,0.0204,0.0994
2026-03-18,C002,NorthOps,SEO,113,6,0,164.95,0.00,0.0000,0.0531
2026-03-18,C002,NorthOps,Paid Search,711,57,1,725.72,725.95,0.0175,0.0802
2026-03-18,C002,NorthOps,Content,569,4,0,178.70,0.00,0.0000,0.0070
2026-03-18,C002,NorthOps,LinkedIn Ads,590,14,0,405.55,0.00,0.0000,0.0237
2026-03-18,C002,NorthOps,Partnerships,499,18,0,164.95,0.00,0.0000,0.0361
2026-03-18,C002,NorthOps,Outbound Sales,600,13,0,78.39,0.00,0.0000,0.0217
2026-03-18,C002,NorthOps,Referral,428,39,1,0.00,499.79,0.0256,0.0911
2026-03-19,C002,NorthOps,SEO,100,1,0,101.94,0.00,0.0000,0.0100
2026-03-19,C002,NorthOps,Paid Search,577,13,0,448.50,0.00,0.0000,0.0225
2026-03-19,C002,NorthOps,Content,114,13,0,110.44,0.00,0.0000,0.1140
2026-03-19,C002,NorthOps,LinkedIn Ads,320,16,0,250.63,0.00,0.0000,0.0500
2026-03-19,C002,NorthOps,Partnerships,581,22,0,101.94,0.00,0.0000,0.0379
2026-03-19,C002,NorthOps,Outbound Sales,469,21,0,48.45,0.00,0.0000,0.0448
2026-03-19,C002,NorthOps,Referral,489,60,1,0.00,546.67,0.0167,0.1227
2026-03-20,C002,NorthOps,SEO,405,15,0,167.27,0.00,0.0000,0.0370
2026-03-20,C002,NorthOps,Paid Search,879,63,1,735.92,587.93,0.0159,0.0717
2026-03-20,C002,NorthOps,Content,146,1,0,181.21,0.00,0.0000,0.0068
2026-03-20,C002,NorthOps,LinkedIn Ads,359,15,0,411.25,0.00,0.0000,0.0418
2026-03-20,C002,NorthOps,Partnerships,370,17,0,167.27,0.00,0.0000,0.0459
2026-03-20,C002,NorthOps,Outbound Sales,134,3,0,79.47,0.00,0.0000,0.0224
2026-03-20,C002,NorthOps,Referral,381,31,1,0.00,520.15,0.0323,0.0814
2026-03-21,C002,NorthOps,SEO,220,20,0,408.93,0.00,0.0000,0.0909
2026-03-21,C002,NorthOps,Paid Search,475,31,1,1799.13,699.45,0.0323,0.0653
2026-03-21,C002,NorthOps,Content,433,11,0,443.01,0.00,0.0000,0.0254
2026-03-21,C002,NorthOps,LinkedIn Ads,496,67,1,1005.40,701.39,0.0149,0.1351
2026-03-21,C002,NorthOps,Partnerships,271,16,0,408.93,0.00,0.0000,0.0590
2026-03-21,C002,NorthOps,Outbound Sales,1121,81,1,194.31,557.20,0.0123,0.0723
2026-03-21,C002,NorthOps,Referral,475,43,1,0.00,552.44,0.0233,0.0905
2026-03-22,C002,NorthOps,SEO,0,0,0,180.99,0.00,0.0000,0.0000
2026-03-22,C002,NorthOps,Paid Search,744,66,1,796.27,512.95,0.0152,0.0887
2026-03-22,C002,NorthOps,Content,483,1,0,196.07,0.00,0.0000,0.0021
2026-03-22,C002,NorthOps,LinkedIn Ads,383,1,0,444.97,0.00,0.0000,0.0026
2026-03-22,C002,NorthOps,Partnerships,424,23,0,180.99,0.00,0.0000,0.0542
2026-03-22,C002,NorthOps,Outbound Sales,497,4,0,85.99,0.00,0.0000,0.0080
2026-03-22,C002,NorthOps,Referral,311,28,1,0.00,659.85,0.0357,0.0900
2026-03-23,C002,NorthOps,SEO,439,17,0,95.06,0.00,0.0000,0.0387
2026-03-23,C002,NorthOps,Paid Search,387,17,0,418.22,0.00,0.0000,0.0439
2026-03-23,C002,NorthOps,Content,263,20,0,102.98,0.00,0.0000,0.0760
2026-03-23,C002,NorthOps,LinkedIn Ads,415,24,0,233.71,0.00,0.0000,0.0578
2026-03-23,C002,NorthOps,Partnerships,356,11,0,95.06,0.00,0.0000,0.0309
2026-03-23,C002,NorthOps,Outbound Sales,542,3,0,45.16,0.00,0.0000,0.0055
2026-03-23,C002,NorthOps,Referral,471,38,1,0.00,711.40,0.0263,0.0807
2026-03-24,C002,NorthOps,SEO,232,9,0,378.21,0.00,0.0000,0.0388
2026-03-24,C002,NorthOps,Paid Search,518,35,1,1663.98,542.63,0.0286,0.0676
2026-03-24,C002,NorthOps,Content,514,13,0,409.73,0.00,0.0000,0.0253
2026-03-24,C002,NorthOps,LinkedIn Ads,826,70,1,929.87,511.10,0.0143,0.0847
2026-03-24,C002,NorthOps,Partnerships,508,24,0,378.21,0.00,0.0000,0.0472
2026-03-24,C002,NorthOps,Outbound Sales,1037,144,1,179.73,746.01,0.0069,0.1389
2026-03-24,C002,NorthOps,Referral,396,54,1,0.00,529.35,0.0185,0.1364
2026-03-25,C002,NorthOps,SEO,128,15,0,385.59,0.00,0.0000,0.1172
2026-03-25,C002,NorthOps,Paid Search,577,77,1,1696.45,724.33,0.0130,0.1334
2026-03-25,C002,NorthOps,Content,252,16,0,417.73,0.00,0.0000,0.0635
2026-03-25,C002,NorthOps,LinkedIn Ads,579,38,1,948.01,707.50,0.0263,0.0656
2026-03-25,C002,NorthOps,Partnerships,379,9,0,385.59,0.00,0.0000,0.0237
2026-03-25,C002,NorthOps,Outbound Sales,933,44,1,183.22,508.21,0.0227,0.0472
2026-03-25,C002,NorthOps,Referral,263,22,1,0.00,645.41,0.0455,0.0837
2026-03-26,C002,NorthOps,SEO,554,14,0,387.08,0.00,0.0000,0.0253
2026-03-26,C002,NorthOps,Paid Search,749,33,1,1703.00,672.60,0.0303,0.0441
2026-03-26,C002,NorthOps,Content,143,17,0,419.34,0.00,0.0000,0.1189
2026-03-26,C002,NorthOps,LinkedIn Ads,753,77,1,951.68,684.37,0.0130,0.1023
2026-03-26,C002,NorthOps,Partnerships,223,17,0,387.08,0.00,0.0000,0.0762
2026-03-26,C002,NorthOps,Outbound Sales,1262,115,1,183.94,504.16,0.0087,0.0911
2026-03-26,C002,NorthOps,Referral,421,23,1,0.00,628.03,0.0435,0.0546
2026-03-27,C002,NorthOps,SEO,552,18,0,410.37,0.00,0.0000,0.0326
2026-03-27,C002,NorthOps,Paid Search,553,53,1,1805.47,726.99,0.0189,0.0958
2026-03-27,C002,NorthOps,Content,420,16,0,444.57,0.00,0.0000,0.0381
2026-03-27,C002,NorthOps,LinkedIn Ads,870,79,1,1008.94,529.27,0.0127,0.0908
2026-03-27,C002,NorthOps,Partnerships,266,13,0,410.37,0.00,0.0000,0.0489
2026-03-27,C002,NorthOps,Outbound Sales,716,78,1,195.00,596.99,0.0128,0.1089
2026-03-27,C002,NorthOps,Referral,346,27,1,0.00,560.64,0.0370,0.0780
2026-03-28,C002,NorthOps,SEO,320,28,1,426.14,595.64,0.0357,0.0875
2026-03-28,C002,NorthOps,Paid Search,429,35,1,1874.85,507.63,0.0286,0.0816
2026-03-28,C002,NorthOps,Content,440,57,1,461.65,563.73,0.0175,0.1295
2026-03-28,C002,NorthOps,LinkedIn Ads,724,44,1,1047.71,669.04,0.0227,0.0608
2026-03-28,C002,NorthOps,Partnerships,612,20,0,426.14,0.00,0.0000,0.0327
2026-03-28,C002,NorthOps,Outbound Sales,851,117,1,202.49,557.12,0.0085,0.1375
2026-03-28,C002,NorthOps,Referral,559,17,0,0.00,0.00,0.0000,0.0304
2026-03-29,C002,NorthOps,SEO,344,8,0,285.48,0.00,0.0000,0.0233
2026-03-29,C002,NorthOps,Paid Search,568,57,1,1256.01,721.12,0.0175,0.1004
2026-03-29,C002,NorthOps,Content,389,2,0,309.28,0.00,0.0000,0.0051
2026-03-29,C002,NorthOps,LinkedIn Ads,798,88,1,701.89,731.48,0.0114,0.1103
2026-03-29,C002,NorthOps,Partnerships,451,21,0,285.48,0.00,0.0000,0.0466
2026-03-29,C002,NorthOps,Outbound Sales,430,21,0,135.66,0.00,0.0000,0.0488
2026-03-29,C002,NorthOps,Referral,387,37,1,0.00,741.32,0.0270,0.0956
2026-03-30,C002,NorthOps,SEO,602,22,0,397.87,0.00,0.0000,0.0365
2026-03-30,C002,NorthOps,Paid Search,777,80,1,1750.46,637.94,0.0125,0.1030
2026-03-30,C002,NorthOps,Content,494,40,1,431.03,586.81,0.0250,0.0810
2026-03-30,C002,NorthOps,LinkedIn Ads,797,57,1,978.20,720.70,0.0175,0.0715
2026-03-30,C002,NorthOps,Partnerships,872,41,1,397.87,747.44,0.0244,0.0470
2026-03-30,C002,NorthOps,Outbound Sales,744,27,1,189.05,677.02,0.0370,0.0363
2026-03-30,C002,NorthOps,Referral,409,19,0,0.00,0.00,0.0000,0.0465
2026-03-31,C002,NorthOps,SEO,0,0,0,241.07,0.00,0.0000,0.0000
2026-03-31,C002,NorthOps,Paid Search,590,74,1,1060.59,627.39,0.0135,0.1254
2026-03-31,C002,NorthOps,Content,280,21,0,261.15,0.00,0.0000,0.0750
2026-03-31,C002,NorthOps,LinkedIn Ads,331,18,0,592.68,0.00,0.0000,0.0544
2026-03-31,C002,NorthOps,Partnerships,0,0,0,241.07,0.00,0.0000,0.0000
2026-03-31,C002,NorthOps,Outbound Sales,561,17,0,114.54,0.00,0.0000,0.0303
2026-03-31,C002,NorthOps,Referral,756,79,2,0.00,1007.77,0.0253,0.1045
2026-01-01,C003,BrightOps,SEO,148,24,0,286.73,0.00,0.0000,0.1622
2026-01-01,C003,BrightOps,Paid Search,533,42,1,537.78,695.42,0.0238,0.0788
2026-01-01,C003,BrightOps,Content,130,25,0,238.94,0.00,0.0000,0.1923
2026-01-01,C003,BrightOps,LinkedIn Ads,288,7,0,328.64,0.00,0.0000,0.0243
2026-01-01,C003,BrightOps,Partnerships,700,31,1,477.88,733.85,0.0323,0.0443
2026-01-01,C003,BrightOps,Outbound Sales,1150,153,1,836.54,672.48,0.0065,0.1330
2026-01-01,C003,BrightOps,Referral,392,53,1,202.34,863.26,0.0189,0.1352
2026-01-02,C003,BrightOps,SEO,170,3,0,78.21,0.00,0.0000,0.0176
2026-01-02,C003,BrightOps,Paid Search,168,22,0,146.68,0.00,0.0000,0.1310
2026-01-02,C003,BrightOps,Content,541,19,0,65.17,0.00,0.0000,0.0351
2026-01-02,C003,BrightOps,LinkedIn Ads,503,12,0,89.64,0.00,0.0000,0.0239
2026-01-02,C003,BrightOps,Partnerships,111,21,0,130.34,0.00,0.0000,0.1892
2026-01-02,C003,BrightOps,Outbound Sales,430,3,0,228.17,0.00,0.0000,0.0070
2026-01-02,C003,BrightOps,Referral,452,17,1,55.18,699.39,0.0588,0.0376
2026-01-03,C003,BrightOps,SEO,362,20,0,135.10,0.00,0.0000,0.0552
2026-01-03,C003,BrightOps,Paid Search,129,4,0,253.39,0.00,0.0000,0.0310
2026-01-03,C003,BrightOps,Content,470,24,0,112.58,0.00,0.0000,0.0511
2026-01-03,C003,BrightOps,LinkedIn Ads,440,9,0,154.85,0.00,0.0000,0.0205
2026-01-03,C003,BrightOps,Partnerships,142,4,0,225.17,0.00,0.0000,0.0282
2026-01-03,C003,BrightOps,Outbound Sales,983,40,1,394.16,655.29,0.0250,0.0407
2026-01-03,C003,BrightOps,Referral,310,40,1,95.33,613.12,0.0250,0.1290
2026-01-04,C003,BrightOps,SEO,396,10,0,226.66,0.00,0.0000,0.0253
2026-01-04,C003,BrightOps,Paid Search,588,1,0,425.11,0.00,0.0000,0.0017
2026-01-04,C003,BrightOps,Content,317,19,0,188.88,0.00,0.0000,0.0599
2026-01-04,C003,BrightOps,LinkedIn Ads,487,23,0,259.79,0.00,0.0000,0.0472
2026-01-04,C003,BrightOps,Partnerships,875,63,1,377.76,709.25,0.0159,0.0720
2026-01-04,C003,BrightOps,Outbound Sales,688,55,1,661.28,784.91,0.0182,0.0799
2026-01-04,C003,BrightOps,Referral,479,18,1,159.94,656.53,0.0556,0.0376
2026-01-05,C003,BrightOps,SEO,353,5,0,139.37,0.00,0.0000,0.0142
2026-01-05,C003,BrightOps,Paid Search,218,25,0,261.40,0.00,0.0000,0.1147
2026-01-05,C003,BrightOps,Content,266,11,0,116.14,0.00,0.0000,0.0414
2026-01-05,C003,BrightOps,LinkedIn Ads,168,22,0,159.74,0.00,0.0000,0.1310
2026-01-05,C003,BrightOps,Partnerships,484,17,0,232.29,0.00,0.0000,0.0351
2026-01-05,C003,BrightOps,Outbound Sales,274,1,0,406.62,0.00,0.0000,0.0036
2026-01-05,C003,BrightOps,Referral,676,34,2,98.36,1216.17,0.0588,0.0503
2026-01-06,C003,BrightOps,SEO,161,15,0,256.74,0.00,0.0000,0.0932
2026-01-06,C003,BrightOps,Paid Search,601,11,0,481.52,0.00,0.0000,0.0183
2026-01-06,C003,BrightOps,Content,601,15,0,213.95,0.00,0.0000,0.0250
2026-01-06,C003,BrightOps,LinkedIn Ads,137,20,0,294.26,0.00,0.0000,0.1460
2026-01-06,C003,BrightOps,Partnerships,616,36,1,427.89,692.02,0.0278,0.0584
2026-01-06,C003,BrightOps,Outbound Sales,991,132,1,749.04,674.93,0.0076,0.1332
2026-01-06,C003,BrightOps,Referral,275,31,1,181.17,738.02,0.0323,0.1127
2026-01-07,C003,BrightOps,SEO,614,25,0,78.63,0.00,0.0000,0.0407
2026-01-07,C003,BrightOps,Paid Search,177,20,0,147.47,0.00,0.0000,0.1130
2026-01-07,C003,BrightOps,Content,180,20,0,65.52,0.00,0.0000,0.1111
2026-01-07,C003,BrightOps,LinkedIn Ads,286,1,0,90.12,0.00,0.0000,0.0035
2026-01-07,C003,BrightOps,Partnerships,385,24,0,131.05,0.00,0.0000,0.0623
2026-01-07,C003,BrightOps,Outbound Sales,369,22,0,229.40,0.00,0.0000,0.0596
2026-01-07,C003,BrightOps,Referral,339,41,1,55.49,921.45,0.0244,0.1209
2026-01-08,C003,BrightOps,SEO,546,73,1,332.18,665.98,0.0137,0.1337
2026-01-08,C003,BrightOps,Paid Search,500,29,1,623.02,851.42,0.0345,0.0580
2026-01-08,C003,BrightOps,Content,192,25,0,276.82,0.00,0.0000,0.1302
2026-01-08,C003,BrightOps,LinkedIn Ads,535,6,0,380.74,0.00,0.0000,0.0112
2026-01-08,C003,BrightOps,Partnerships,579,55,1,553.63,691.88,0.0182,0.0950
2026-01-08,C003,BrightOps,Outbound Sales,941,98,1,969.14,703.25,0.0102,0.1041
2026-01-08,C003,BrightOps,Referral,375,40,1,234.41,843.74,0.0250,0.1067
2026-01-09,C003,BrightOps,SEO,490,10,0,155.11,0.00,0.0000,0.0204
2026-01-09,C003,BrightOps,Paid Search,572,6,0,290.92,0.00,0.0000,0.0105
2026-01-09,C003,BrightOps,Content,257,2,0,129.26,0.00,0.0000,0.0078
2026-01-09,C003,BrightOps,LinkedIn Ads,122,15,0,177.79,0.00,0.0000,0.1230
2026-01-09,C003,BrightOps,Partnerships,385,7,0,258.52,0.00,0.0000,0.0182
2026-01-09,C003,BrightOps,Outbound Sales,419,5,0,452.55,0.00,0.0000,0.0119
2026-01-09,C003,BrightOps,Referral,746,38,2,109.47,1266.57,0.0526,0.0509
2026-01-10,C003,BrightOps,SEO,588,22,0,84.28,0.00,0.0000,0.0374
2026-01-10,C003,BrightOps,Paid Search,571,22,0,158.07,0.00,0.0000,0.0385
2026-01-10,C003,BrightOps,Content,344,12,0,70.23,0.00,0.0000,0.0349
2026-01-10,C003,BrightOps,LinkedIn Ads,138,18,0,96.60,0.00,0.0000,0.1304
2026-01-10,C003,BrightOps,Partnerships,406,22,0,140.47,0.00,0.0000,0.0542
2026-01-10,C003,BrightOps,Outbound Sales,527,5,0,245.89,0.00,0.0000,0.0095
2026-01-10,C003,BrightOps,Referral,523,28,1,59.49,622.13,0.0357,0.0535
2026-01-11,C003,BrightOps,SEO,304,2,0,138.72,0.00,0.0000,0.0066
2026-01-11,C003,BrightOps,Paid Search,169,11,0,260.17,0.00,0.0000,0.0651
2026-01-11,C003,BrightOps,Content,343,5,0,115.60,0.00,0.0000,0.0146
2026-01-11,C003,BrightOps,LinkedIn Ads,573,21,0,158.99,0.00,0.0000,0.0366
2026-01-11,C003,BrightOps,Partnerships,0,0,0,231.20,0.00,0.0000,0.0000
2026-01-11,C003,BrightOps,Outbound Sales,684,72,1,404.71,751.39,0.0139,0.1053
2026-01-11,C003,BrightOps,Referral,270,24,1,97.89,827.38,0.0417,0.0889
2026-01-12,C003,BrightOps,SEO,483,3,0,69.43,0.00,0.0000,0.0062
2026-01-12,C003,BrightOps,Paid Search,460,14,0,130.22,0.00,0.0000,0.0304
2026-01-12,C003,BrightOps,Content,142,14,0,57.86,0.00,0.0000,0.0986
2026-01-12,C003,BrightOps,LinkedIn Ads,482,3,0,79.58,0.00,0.0000,0.0062
2026-01-12,C003,BrightOps,Partnerships,298,12,0,115.71,0.00,0.0000,0.0403
2026-01-12,C003,BrightOps,Outbound Sales,121,13,0,202.56,0.00,0.0000,0.1074
2026-01-12,C003,BrightOps,Referral,351,22,1,48.98,611.38,0.0455,0.0627
2026-01-13,C003,BrightOps,SEO,420,10,0,238.47,0.00,0.0000,0.0238
2026-01-13,C003,BrightOps,Paid Search,216,13,0,447.26,0.00,0.0000,0.0602
2026-01-13,C003,BrightOps,Content,423,20,0,198.72,0.00,0.0000,0.0473
2026-01-13,C003,BrightOps,LinkedIn Ads,465,8,0,273.32,0.00,0.0000,0.0172
2026-01-13,C003,BrightOps,Partnerships,597,69,1,397.44,916.89,0.0145,0.1156
2026-01-13,C003,BrightOps,Outbound Sales,966,134,1,695.73,647.34,0.0075,0.1387
2026-01-13,C003,BrightOps,Referral,537,52,1,168.29,821.65,0.0192,0.0968
2026-01-14,C003,BrightOps,SEO,594,21,0,72.84,0.00,0.0000,0.0354
2026-01-14,C003,BrightOps,Paid Search,334,16,0,136.62,0.00,0.0000,0.0479
2026-01-14,C003,BrightOps,Content,231,24,0,60.70,0.00,0.0000,0.1039
2026-01-14,C003,BrightOps,LinkedIn Ads,221,1,0,83.49,0.00,0.0000,0.0045
2026-01-14,C003,BrightOps,Partnerships,324,1,0,121.41,0.00,0.0000,0.0031
2026-01-14,C003,BrightOps,Outbound Sales,227,10,0,212.52,0.00,0.0000,0.0441
2026-01-14,C003,BrightOps,Referral,443,50,1,51.41,853.35,0.0200,0.1129
2026-01-15,C003,BrightOps,SEO,335,1,0,70.78,0.00,0.0000,0.0030
2026-01-15,C003,BrightOps,Paid Search,425,16,0,132.75,0.00,0.0000,0.0376
2026-01-15,C003,BrightOps,Content,139,6,0,58.98,0.00,0.0000,0.0432
2026-01-15,C003,BrightOps,LinkedIn Ads,307,18,0,81.13,0.00,0.0000,0.0586
2026-01-15,C003,BrightOps,Partnerships,305,23,0,117.97,0.00,0.0000,0.0754
2026-01-15,C003,BrightOps,Outbound Sales,300,14,0,206.51,0.00,0.0000,0.0467
2026-01-15,C003,BrightOps,Referral,484,21,1,49.95,722.66,0.0476,0.0434
2026-01-16,C003,BrightOps,SEO,0,0,0,242.72,0.00,0.0000,0.0000
2026-01-16,C003,BrightOps,Paid Search,245,9,0,455.23,0.00,0.0000,0.0367
2026-01-16,C003,BrightOps,Content,473,9,0,202.27,0.00,0.0000,0.0190
2026-01-16,C003,BrightOps,LinkedIn Ads,244,6,0,278.20,0.00,0.0000,0.0246
2026-01-16,C003,BrightOps,Partnerships,594,11,0,404.53,0.00,0.0000,0.0185
2026-01-16,C003,BrightOps,Outbound Sales,866,97,1,708.14,752.98,0.0103,0.1120
2026-01-16,C003,BrightOps,Referral,884,85,2,171.28,1768.62,0.0235,0.0962
2026-01-17,C003,BrightOps,SEO,460,24,0,208.34,0.00,0.0000,0.0522
2026-01-17,C003,BrightOps,Paid Search,494,20,0,390.76,0.00,0.0000,0.0405
2026-01-17,C003,BrightOps,Content,119,11,0,173.62,0.00,0.0000,0.0924
2026-01-17,C003,BrightOps,LinkedIn Ads,251,21,0,238.80,0.00,0.0000,0.0837
2026-01-17,C003,BrightOps,Partnerships,856,105,1,347.24,629.17,0.0095,0.1227
2026-01-17,C003,BrightOps,Outbound Sales,1090,82,1,607.85,785.06,0.0122,0.0752
2026-01-17,C003,BrightOps,Referral,520,46,1,147.01,881.32,0.0217,0.0885
2026-01-18,C003,BrightOps,SEO,524,23,0,228.65,0.00,0.0000,0.0439
2026-01-18,C003,BrightOps,Paid Search,817,37,1,428.85,848.34,0.0270,0.0453
2026-01-18,C003,BrightOps,Content,510,23,0,190.54,0.00,0.0000,0.0451
2026-01-18,C003,BrightOps,LinkedIn Ads,154,3,0,262.08,0.00,0.0000,0.0195
2026-01-18,C003,BrightOps,Partnerships,600,39,1,381.09,647.07,0.0256,0.0650
2026-01-18,C003,BrightOps,Outbound Sales,1085,60,1,667.10,757.32,0.0167,0.0553
2026-01-18,C003,BrightOps,Referral,276,6,0,161.36,0.00,0.0000,0.0217
2026-01-19,C003,BrightOps,SEO,253,3,0,171.74,0.00,0.0000,0.0119
2026-01-19,C003,BrightOps,Paid Search,0,0,0,322.11,0.00,0.0000,0.0000
2026-01-19,C003,BrightOps,Content,353,1,0,143.12,0.00,0.0000,0.0028
2026-01-19,C003,BrightOps,LinkedIn Ads,299,3,0,196.84,0.00,0.0000,0.0100
2026-01-19,C003,BrightOps,Partnerships,376,24,0,286.23,0.00,0.0000,0.0638
2026-01-19,C003,BrightOps,Outbound Sales,442,11,0,501.06,0.00,0.0000,0.0249
2026-01-19,C003,BrightOps,Referral,990,132,2,121.19,1445.46,0.0152,0.1333
2026-01-20,C003,BrightOps,SEO,110,4,0,82.33,0.00,0.0000,0.0364
2026-01-20,C003,BrightOps,Paid Search,464,7,0,154.42,0.00,0.0000,0.0151
2026-01-20,C003,BrightOps,Content,293,21,0,68.61,0.00,0.0000,0.0717
2026-01-20,C003,BrightOps,LinkedIn Ads,468,20,0,94.37,0.00,0.0000,0.0427
2026-01-20,C003,BrightOps,Partnerships,583,7,0,137.22,0.00,0.0000,0.0120
2026-01-20,C003,BrightOps,Outbound Sales,197,15,0,240.21,0.00,0.0000,0.0761
2026-01-20,C003,BrightOps,Referral,338,18,1,58.11,879.28,0.0556,0.0533
2026-01-21,C003,BrightOps,SEO,575,17,0,267.33,0.00,0.0000,0.0296
2026-01-21,C003,BrightOps,Paid Search,455,47,1,501.40,671.22,0.0213,0.1033
2026-01-21,C003,BrightOps,Content,528,3,0,222.78,0.00,0.0000,0.0057
2026-01-21,C003,BrightOps,LinkedIn Ads,379,12,0,306.41,0.00,0.0000,0.0317
2026-01-21,C003,BrightOps,Partnerships,628,81,1,445.56,811.40,0.0123,0.1290
2026-01-21,C003,BrightOps,Outbound Sales,1035,89,1,779.95,820.14,0.0112,0.0860
2026-01-21,C003,BrightOps,Referral,511,67,1,188.65,897.21,0.0149,0.1311
2026-01-22,C003,BrightOps,SEO,331,13,0,324.27,0.00,0.0000,0.0393
2026-01-22,C003,BrightOps,Paid Search,442,24,1,608.19,787.07,0.0417,0.0543
2026-01-22,C003,BrightOps,Content,404,4,0,270.22,0.00,0.0000,0.0099
2026-01-22,C003,BrightOps,LinkedIn Ads,291,17,0,371.67,0.00,0.0000,0.0584
2026-01-22,C003,BrightOps,Partnerships,553,40,1,540.45,900.56,0.0250,0.0723
2026-01-22,C003,BrightOps,Outbound Sales,1056,102,1,946.07,721.68,0.0098,0.0966
2026-01-22,C003,BrightOps,Referral,411,34,1,228.82,861.44,0.0294,0.0827
2026-01-23,C003,BrightOps,SEO,137,22,0,138.30,0.00,0.0000,0.1606
2026-01-23,C003,BrightOps,Paid Search,591,22,0,259.38,0.00,0.0000,0.0372
2026-01-23,C003,BrightOps,Content,422,1,0,115.25,0.00,0.0000,0.0024
2026-01-23,C003,BrightOps,LinkedIn Ads,140,7,0,158.51,0.00,0.0000,0.0500
2026-01-23,C003,BrightOps,Partnerships,252,9,0,230.49,0.00,0.0000,0.0357
2026-01-23,C003,BrightOps,Outbound Sales,826,87,1,403.48,842.04,0.0115,0.1053
2026-01-23,C003,BrightOps,Referral,367,33,1,97.60,684.17,0.0303,0.0899
2026-01-24,C003,BrightOps,SEO,392,1,0,272.58,0.00,0.0000,0.0026
2026-01-24,C003,BrightOps,Paid Search,466,50,1,511.24,888.37,0.0200,0.1073
2026-01-24,C003,BrightOps,Content,109,20,0,227.15,0.00,0.0000,0.1835
2026-01-24,C003,BrightOps,LinkedIn Ads,469,4,0,312.43,0.00,0.0000,0.0085
2026-01-24,C003,BrightOps,Partnerships,803,106,1,454.30,708.49,0.0094,0.1320
2026-01-24,C003,BrightOps,Outbound Sales,1255,59,1,795.27,806.30,0.0169,0.0470
2026-01-24,C003,BrightOps,Referral,428,58,1,192.36,830.36,0.0172,0.1355
2026-01-25,C003,BrightOps,SEO,195,24,0,144.51,0.00,0.0000,0.1231
2026-01-25,C003,BrightOps,Paid Search,555,20,0,271.04,0.00,0.0000,0.0360
2026-01-25,C003,BrightOps,Content,331,21,0,120.43,0.00,0.0000,0.0634
2026-01-25,C003,BrightOps,LinkedIn Ads,199,23,0,165.64,0.00,0.0000,0.1156
2026-01-25,C003,BrightOps,Partnerships,398,13,0,240.85,0.00,0.0000,0.0327
2026-01-25,C003,BrightOps,Outbound Sales,294,25,0,421.62,0.00,0.0000,0.0850
2026-01-25,C003,BrightOps,Referral,920,70,2,101.97,1701.18,0.0286,0.0761
2026-01-26,C003,BrightOps,SEO,206,6,0,153.97,0.00,0.0000,0.0291
2026-01-26,C003,BrightOps,Paid Search,426,25,0,288.78,0.00,0.0000,0.0587
2026-01-26,C003,BrightOps,Content,359,17,0,128.31,0.00,0.0000,0.0474
2026-01-26,C003,BrightOps,LinkedIn Ads,266,11,0,176.48,0.00,0.0000,0.0414
2026-01-26,C003,BrightOps,Partnerships,396,16,0,256.62,0.00,0.0000,0.0404
2026-01-26,C003,BrightOps,Outbound Sales,456,16,0,449.21,0.00,0.0000,0.0351
2026-01-26,C003,BrightOps,Referral,806,86,2,108.64,1725.29,0.0233,0.1067
2026-01-27,C003,BrightOps,SEO,375,11,0,165.72,0.00,0.0000,0.0293
2026-01-27,C003,BrightOps,Paid Search,259,12,0,310.82,0.00,0.0000,0.0463
2026-01-27,C003,BrightOps,Content,248,22,0,138.10,0.00,0.0000,0.0887
2026-01-27,C003,BrightOps,LinkedIn Ads,299,22,0,189.95,0.00,0.0000,0.0736
2026-01-27,C003,BrightOps,Partnerships,514,5,0,276.21,0.00,0.0000,0.0097
2026-01-27,C003,BrightOps,Outbound Sales,352,19,0,483.50,0.00,0.0000,0.0540
2026-01-27,C003,BrightOps,Referral,574,26,2,116.95,1450.98,0.0769,0.0453
2026-01-28,C003,BrightOps,SEO,469,3,0,163.54,0.00,0.0000,0.0064
2026-01-28,C003,BrightOps,Paid Search,262,3,0,306.73,0.00,0.0000,0.0115
2026-01-28,C003,BrightOps,Content,440,3,0,136.28,0.00,0.0000,0.0068
2026-01-28,C003,BrightOps,LinkedIn Ads,255,1,0,187.44,0.00,0.0000,0.0039
2026-01-28,C003,BrightOps,Partnerships,513,21,0,272.57,0.00,0.0000,0.0409
2026-01-28,C003,BrightOps,Outbound Sales,213,4,0,477.13,0.00,0.0000,0.0188
2026-01-28,C003,BrightOps,Referral,840,52,2,115.41,1605.35,0.0385,0.0619
2026-01-29,C003,BrightOps,SEO,608,14,0,74.57,0.00,0.0000,0.0230
2026-01-29,C003,BrightOps,Paid Search,399,7,0,139.86,0.00,0.0000,0.0175
2026-01-29,C003,BrightOps,Content,163,2,0,62.14,0.00,0.0000,0.0123
2026-01-29,C003,BrightOps,LinkedIn Ads,374,2,0,85.47,0.00,0.0000,0.0053
2026-01-29,C003,BrightOps,Partnerships,613,13,0,124.28,0.00,0.0000,0.0212
2026-01-29,C003,BrightOps,Outbound Sales,228,21,0,217.56,0.00,0.0000,0.0921
2026-01-29,C003,BrightOps,Referral,434,56,1,52.61,592.82,0.0179,0.1290
2026-01-30,C003,BrightOps,SEO,139,16,0,86.10,0.00,0.0000,0.1151
2026-01-30,C003,BrightOps,Paid Search,326,16,0,161.48,0.00,0.0000,0.0491
2026-01-30,C003,BrightOps,Content,513,1,0,71.75,0.00,0.0000,0.0019
2026-01-30,C003,BrightOps,LinkedIn Ads,356,21,0,98.68,0.00,0.0000,0.0590
2026-01-30,C003,BrightOps,Partnerships,395,15,0,143.49,0.00,0.0000,0.0380
2026-01-30,C003,BrightOps,Outbound Sales,125,9,0,251.19,0.00,0.0000,0.0720
2026-01-30,C003,BrightOps,Referral,517,64,1,60.74,708.54,0.0156,0.1238
2026-01-31,C003,BrightOps,SEO,524,3,0,66.30,0.00,0.0000,0.0057
2026-01-31,C003,BrightOps,Paid Search,582,3,0,124.35,0.00,0.0000,0.0052
2026-01-31,C003,BrightOps,Content,397,11,0,55.25,0.00,0.0000,0.0277
2026-01-31,C003,BrightOps,LinkedIn Ads,543,14,0,75.99,0.00,0.0000,0.0258
2026-01-31,C003,BrightOps,Partnerships,305,22,0,110.50,0.00,0.0000,0.0721
2026-01-31,C003,BrightOps,Outbound Sales,122,10,0,193.44,0.00,0.0000,0.0820
2026-01-31,C003,BrightOps,Referral,309,26,1,46.79,916.83,0.0385,0.0841
2026-02-01,C003,BrightOps,SEO,605,12,0,239.53,0.00,0.0000,0.0198
2026-02-01,C003,BrightOps,Paid Search,796,38,1,449.24,853.66,0.0263,0.0477
2026-02-01,C003,BrightOps,Content,343,21,0,199.60,0.00,0.0000,0.0612
2026-02-01,C003,BrightOps,LinkedIn Ads,0,0,0,274.54,0.00,0.0000,0.0000
2026-02-01,C003,BrightOps,Partnerships,633,72,1,399.21,795.51,0.0139,0.1137
2026-02-01,C003,BrightOps,Outbound Sales,720,46,1,698.82,877.39,0.0217,0.0639
2026-02-01,C003,BrightOps,Referral,296,13,0,169.03,0.00,0.0000,0.0439
2026-02-02,C003,BrightOps,SEO,318,4,0,156.86,0.00,0.0000,0.0126
2026-02-02,C003,BrightOps,Paid Search,520,4,0,294.19,0.00,0.0000,0.0077
2026-02-02,C003,BrightOps,Content,409,16,0,130.71,0.00,0.0000,0.0391
2026-02-02,C003,BrightOps,LinkedIn Ads,518,1,0,179.78,0.00,0.0000,0.0019
2026-02-02,C003,BrightOps,Partnerships,519,11,0,261.43,0.00,0.0000,0.0212
2026-02-02,C003,BrightOps,Outbound Sales,716,25,1,457.63,837.73,0.0400,0.0349
2026-02-02,C003,BrightOps,Referral,313,26,1,110.70,623.86,0.0385,0.0831
2026-02-03,C003,BrightOps,SEO,423,4,0,289.16,0.00,0.0000,0.0095
2026-02-03,C003,BrightOps,Paid Search,756,73,1,542.33,713.81,0.0137,0.0966
2026-02-03,C003,BrightOps,Content,216,3,0,240.96,0.00,0.0000,0.0139
2026-02-03,C003,BrightOps,LinkedIn Ads,295,20,0,331.42,0.00,0.0000,0.0678
2026-02-03,C003,BrightOps,Partnerships,447,59,1,481.93,704.28,0.0169,0.1320
2026-02-03,C003,BrightOps,Outbound Sales,1286,72,1,843.62,641.43,0.0139,0.0560
2026-02-03,C003,BrightOps,Referral,288,23,1,204.05,674.26,0.0435,0.0799
2026-02-04,C003,BrightOps,SEO,384,42,1,428.57,612.89,0.0238,0.1094
2026-02-04,C003,BrightOps,Paid Search,847,74,1,803.80,645.84,0.0135,0.0874
2026-02-04,C003,BrightOps,Content,160,18,0,357.14,0.00,0.0000,0.1125
2026-02-04,C003,BrightOps,LinkedIn Ads,755,57,1,491.21,767.23,0.0175,0.0755
2026-02-04,C003,BrightOps,Partnerships,435,35,1,714.28,717.98,0.0286,0.0805
2026-02-04,C003,BrightOps,Outbound Sales,871,55,1,1250.36,591.60,0.0182,0.0631
2026-02-04,C003,BrightOps,Referral,0,0,0,302.43,0.00,0.0000,0.0000
2026-02-05,C003,BrightOps,SEO,218,17,0,230.12,0.00,0.0000,0.0780
2026-02-05,C003,BrightOps,Paid Search,368,4,0,431.60,0.00,0.0000,0.0109
2026-02-05,C003,BrightOps,Content,302,7,0,191.77,0.00,0.0000,0.0232
2026-02-05,C003,BrightOps,LinkedIn Ads,423,11,0,263.76,0.00,0.0000,0.0260
2026-02-05,C003,BrightOps,Partnerships,663,73,1,383.53,888.74,0.0137,0.1101
2026-02-05,C003,BrightOps,Outbound Sales,1283,129,1,671.38,864.03,0.0078,0.1005
2026-02-05,C003,BrightOps,Referral,315,42,1,162.38,675.41,0.0238,0.1333
2026-02-06,C003,BrightOps,SEO,466,49,1,424.95,675.86,0.0204,0.1052
2026-02-06,C003,BrightOps,Paid Search,690,39,1,797.03,663.67,0.0256,0.0565
2026-02-06,C003,BrightOps,Content,508,24,0,354.13,0.00,0.0000,0.0472
2026-02-06,C003,BrightOps,LinkedIn Ads,190,15,0,487.07,0.00,0.0000,0.0789
2026-02-06,C003,BrightOps,Partnerships,791,42,1,708.26,753.30,0.0238,0.0531
2026-02-06,C003,BrightOps,Outbound Sales,1045,38,1,1239.82,884.39,0.0263,0.0364
2026-02-06,C003,BrightOps,Referral,495,53,1,299.87,613.47,0.0189,0.1071
2026-02-07,C003,BrightOps,SEO,117,25,0,256.86,0.00,0.0000,0.2137
2026-02-07,C003,BrightOps,Paid Search,148,24,0,481.75,0.00,0.0000,0.1622
2026-02-07,C003,BrightOps,Content,112,19,0,214.05,0.00,0.0000,0.1696
2026-02-07,C003,BrightOps,LinkedIn Ads,177,10,0,294.40,0.00,0.0000,0.0565
2026-02-07,C003,BrightOps,Partnerships,670,54,1,428.09,692.48,0.0185,0.0806
2026-02-07,C003,BrightOps,Outbound Sales,760,69,1,749.38,798.79,0.0145,0.0908
2026-02-07,C003,BrightOps,Referral,286,34,1,181.25,771.28,0.0294,0.1189
2026-02-08,C003,BrightOps,SEO,318,23,1,331.11,808.05,0.0435,0.0723
2026-02-08,C003,BrightOps,Paid Search,821,61,1,621.02,863.65,0.0164,0.0743
2026-02-08,C003,BrightOps,Content,371,3,0,275.93,0.00,0.0000,0.0081
2026-02-08,C003,BrightOps,LinkedIn Ads,456,60,1,379.51,887.82,0.0167,0.1316
2026-02-08,C003,BrightOps,Partnerships,485,43,1,551.85,650.63,0.0233,0.0887
2026-02-08,C003,BrightOps,Outbound Sales,1218,130,1,966.03,861.91,0.0077,0.1067
2026-02-08,C003,BrightOps,Referral,472,15,0,233.65,0.00,0.0000,0.0318
2026-02-09,C003,BrightOps,SEO,241,10,0,198.72,0.00,0.0000,0.0415
2026-02-09,C003,BrightOps,Paid Search,777,66,1,372.72,627.98,0.0152,0.0849
2026-02-09,C003,BrightOps,Content,220,10,0,165.60,0.00,0.0000,0.0455
2026-02-09,C003,BrightOps,LinkedIn Ads,525,22,0,227.77,0.00,0.0000,0.0419
2026-02-09,C003,BrightOps,Partnerships,466,62,1,331.21,717.66,0.0161,0.1330
2026-02-09,C003,BrightOps,Outbound Sales,968,83,1,579.79,863.19,0.0120,0.0857
2026-02-09,C003,BrightOps,Referral,317,13,0,140.24,0.00,0.0000,0.0410
2026-02-10,C003,BrightOps,SEO,438,1,0,133.08,0.00,0.0000,0.0023
2026-02-10,C003,BrightOps,Paid Search,241,14,0,249.60,0.00,0.0000,0.0581
2026-02-10,C003,BrightOps,Content,315,6,0,110.90,0.00,0.0000,0.0190
2026-02-10,C003,BrightOps,LinkedIn Ads,118,12,0,152.54,0.00,0.0000,0.1017
2026-02-10,C003,BrightOps,Partnerships,173,18,0,221.80,0.00,0.0000,0.1040
2026-02-10,C003,BrightOps,Outbound Sales,699,35,1,388.27,616.63,0.0286,0.0501
2026-02-10,C003,BrightOps,Referral,273,25,1,93.92,640.12,0.0400,0.0916
2026-02-11,C003,BrightOps,SEO,118,25,0,240.54,0.00,0.0000,0.2119
2026-02-11,C003,BrightOps,Paid Search,281,24,0,451.14,0.00,0.0000,0.0854
2026-02-11,C003,BrightOps,Content,358,14,0,200.45,0.00,0.0000,0.0391
2026-02-11,C003,BrightOps,LinkedIn Ads,363,5,0,275.70,0.00,0.0000,0.0138
2026-02-11,C003,BrightOps,Partnerships,869,41,1,400.89,723.37,0.0244,0.0472
2026-02-11,C003,BrightOps,Outbound Sales,865,104,1,701.77,791.35,0.0096,0.1202
2026-02-11,C003,BrightOps,Referral,273,29,1,169.73,694.41,0.0345,0.1062
2026-02-12,C003,BrightOps,SEO,453,2,0,82.28,0.00,0.0000,0.0044
2026-02-12,C003,BrightOps,Paid Search,206,17,0,154.31,0.00,0.0000,0.0825
2026-02-12,C003,BrightOps,Content,303,17,0,68.56,0.00,0.0000,0.0561
2026-02-12,C003,BrightOps,LinkedIn Ads,143,18,0,94.30,0.00,0.0000,0.1259
2026-02-12,C003,BrightOps,Partnerships,97,9,0,137.13,0.00,0.0000,0.0928
2026-02-12,C003,BrightOps,Outbound Sales,490,10,0,240.04,0.00,0.0000,0.0204
2026-02-12,C003,BrightOps,Referral,542,58,1,58.06,700.43,0.0172,0.1070
2026-02-13,C003,BrightOps,SEO,378,1,0,326.84,0.00,0.0000,0.0026
2026-02-13,C003,BrightOps,Paid Search,437,44,1,613.00,667.30,0.0227,0.1007
2026-02-13,C003,BrightOps,Content,266,22,0,272.37,0.00,0.0000,0.0827
2026-02-13,C003,BrightOps,LinkedIn Ads,445,16,0,374.61,0.00,0.0000,0.0360
2026-02-13,C003,BrightOps,Partnerships,539,54,1,544.73,603.69,0.0185,0.1002
2026-02-13,C003,BrightOps,Outbound Sales,1070,64,1,953.56,791.94,0.0156,0.0598
2026-02-13,C003,BrightOps,Referral,537,50,1,230.64,622.75,0.0200,0.0931
2026-02-14,C003,BrightOps,SEO,518,45,1,417.80,694.59,0.0222,0.0869
2026-02-14,C003,BrightOps,Paid Search,477,30,1,783.61,707.75,0.0333,0.0629
2026-02-14,C003,BrightOps,Content,357,15,0,348.17,0.00,0.0000,0.0420
2026-02-14,C003,BrightOps,LinkedIn Ads,597,18,0,478.87,0.00,0.0000,0.0302
2026-02-14,C003,BrightOps,Partnerships,592,73,1,696.33,633.24,0.0137,0.1233
2026-02-14,C003,BrightOps,Outbound Sales,1184,159,1,1218.95,618.13,0.0063,0.1343
2026-02-14,C003,BrightOps,Referral,373,30,1,294.83,604.57,0.0333,0.0804
2026-02-15,C003,BrightOps,SEO,254,12,0,240.61,0.00,0.0000,0.0472
2026-02-15,C003,BrightOps,Paid Search,507,64,1,451.27,621.45,0.0156,0.1262
2026-02-15,C003,BrightOps,Content,205,14,0,200.51,0.00,0.0000,0.0683
2026-02-15,C003,BrightOps,LinkedIn Ads,547,24,0,275.78,0.00,0.0000,0.0439
2026-02-15,C003,BrightOps,Partnerships,552,77,1,401.01,661.02,0.0130,0.1395
2026-02-15,C003,BrightOps,Outbound Sales,668,55,1,701.98,642.12,0.0182,0.0823
2026-02-15,C003,BrightOps,Referral,122,10,0,169.78,0.00,0.0000,0.0820
2026-02-16,C003,BrightOps,SEO,0,0,0,164.00,0.00,0.0000,0.0000
2026-02-16,C003,BrightOps,Paid Search,227,2,0,307.59,0.00,0.0000,0.0088
2026-02-16,C003,BrightOps,Content,312,13,0,136.67,0.00,0.0000,0.0417
2026-02-16,C003,BrightOps,LinkedIn Ads,443,13,0,187.97,0.00,0.0000,0.0293
2026-02-16,C003,BrightOps,Partnerships,581,15,0,273.33,0.00,0.0000,0.0258
2026-02-16,C003,BrightOps,Outbound Sales,1269,102,1,478.47,779.80,0.0098,0.0804
2026-02-16,C003,BrightOps,Referral,496,46,1,115.73,656.34,0.0217,0.0927
2026-02-17,C003,BrightOps,SEO,427,23,0,158.98,0.00,0.0000,0.0539
2026-02-17,C003,BrightOps,Paid Search,206,10,0,298.17,0.00,0.0000,0.0485
2026-02-17,C003,BrightOps,Content,222,14,0,132.48,0.00,0.0000,0.0631
2026-02-17,C003,BrightOps,LinkedIn Ads,295,23,0,182.21,0.00,0.0000,0.0780
2026-02-17,C003,BrightOps,Partnerships,305,11,0,264.96,0.00,0.0000,0.0361
2026-02-17,C003,BrightOps,Outbound Sales,995,36,1,463.82,595.78,0.0278,0.0362
2026-02-17,C003,BrightOps,Referral,518,45,1,112.18,822.64,0.0222,0.0869
2026-02-18,C003,BrightOps,SEO,263,3,0,73.25,0.00,0.0000,0.0114
2026-02-18,C003,BrightOps,Paid Search,483,13,0,137.38,0.00,0.0000,0.0269
2026-02-18,C003,BrightOps,Content,203,22,0,61.04,0.00,0.0000,0.1084
2026-02-18,C003,BrightOps,LinkedIn Ads,520,19,0,83.95,0.00,0.0000,0.0365
2026-02-18,C003,BrightOps,Partnerships,554,20,0,122.08,0.00,0.0000,0.0361
2026-02-18,C003,BrightOps,Outbound Sales,314,6,0,213.70,0.00,0.0000,0.0191
2026-02-18,C003,BrightOps,Referral,415,19,1,51.68,906.08,0.0526,0.0458
2026-02-19,C003,BrightOps,SEO,320,11,0,84.37,0.00,0.0000,0.0344
2026-02-19,C003,BrightOps,Paid Search,529,25,0,158.24,0.00,0.0000,0.0473
2026-02-19,C003,BrightOps,Content,0,0,0,70.31,0.00,0.0000,0.0000
2026-02-19,C003,BrightOps,LinkedIn Ads,424,19,0,96.70,0.00,0.0000,0.0448
2026-02-19,C003,BrightOps,Partnerships,289,12,0,140.62,0.00,0.0000,0.0415
2026-02-19,C003,BrightOps,Outbound Sales,224,13,0,246.15,0.00,0.0000,0.0580
2026-02-19,C003,BrightOps,Referral,367,40,1,59.54,890.68,0.0250,0.1090
2026-02-20,C003,BrightOps,SEO,370,24,0,82.23,0.00,0.0000,0.0649
2026-02-20,C003,BrightOps,Paid Search,0,0,0,154.23,0.00,0.0000,0.0000
2026-02-20,C003,BrightOps,Content,182,22,0,68.53,0.00,0.0000,0.1209
2026-02-20,C003,BrightOps,LinkedIn Ads,466,20,0,94.25,0.00,0.0000,0.0429
2026-02-20,C003,BrightOps,Partnerships,474,7,0,137.05,0.00,0.0000,0.0148
2026-02-20,C003,BrightOps,Outbound Sales,123,20,0,239.91,0.00,0.0000,0.1626
2026-02-20,C003,BrightOps,Referral,423,19,1,58.04,898.32,0.0526,0.0449
2026-02-21,C003,BrightOps,SEO,486,6,0,209.44,0.00,0.0000,0.0123
2026-02-21,C003,BrightOps,Paid Search,598,51,1,392.81,615.74,0.0196,0.0853
2026-02-21,C003,BrightOps,Content,258,14,0,174.53,0.00,0.0000,0.0543
2026-02-21,C003,BrightOps,LinkedIn Ads,131,19,0,240.05,0.00,0.0000,0.1450
2026-02-21,C003,BrightOps,Partnerships,566,78,1,349.06,771.89,0.0128,0.1378
2026-02-21,C003,BrightOps,Outbound Sales,1111,146,1,611.04,791.69,0.0068,0.1314
2026-02-21,C003,BrightOps,Referral,260,24,0,147.81,0.00,0.0000,0.0923
2026-02-22,C003,BrightOps,SEO,581,8,0,68.97,0.00,0.0000,0.0138
2026-02-22,C003,BrightOps,Paid Search,601,14,0,129.36,0.00,0.0000,0.0233
2026-02-22,C003,BrightOps,Content,373,6,0,57.48,0.00,0.0000,0.0161
2026-02-22,C003,BrightOps,LinkedIn Ads,295,5,0,79.05,0.00,0.0000,0.0169
2026-02-22,C003,BrightOps,Partnerships,381,23,0,114.95,0.00,0.0000,0.0604
2026-02-22,C003,BrightOps,Outbound Sales,459,18,0,201.23,0.00,0.0000,0.0392
2026-02-22,C003,BrightOps,Referral,439,18,1,48.67,885.79,0.0556,0.0410
2026-02-23,C003,BrightOps,SEO,122,12,0,234.85,0.00,0.0000,0.0984
2026-02-23,C003,BrightOps,Paid Search,606,33,1,440.48,614.52,0.0303,0.0545
2026-02-23,C003,BrightOps,Content,92,3,0,195.71,0.00,0.0000,0.0326
2026-02-23,C003,BrightOps,LinkedIn Ads,434,25,0,269.18,0.00,0.0000,0.0576
2026-02-23,C003,BrightOps,Partnerships,585,57,1,391.42,662.62,0.0175,0.0974
2026-02-23,C003,BrightOps,Outbound Sales,1093,146,1,685.19,875.98,0.0068,0.1336
2026-02-23,C003,BrightOps,Referral,538,13,0,165.72,0.00,0.0000,0.0242
2026-02-24,C003,BrightOps,SEO,419,5,0,152.35,0.00,0.0000,0.0119
2026-02-24,C003,BrightOps,Paid Search,109,25,0,285.75,0.00,0.0000,0.2294
2026-02-24,C003,BrightOps,Content,137,17,0,126.96,0.00,0.0000,0.1241
2026-02-24,C003,BrightOps,LinkedIn Ads,401,13,0,174.63,0.00,0.0000,0.0324
2026-02-24,C003,BrightOps,Partnerships,595,10,0,253.92,0.00,0.0000,0.0168
2026-02-24,C003,BrightOps,Outbound Sales,224,20,0,444.50,0.00,0.0000,0.0893
2026-02-24,C003,BrightOps,Referral,1062,48,2,107.52,1212.57,0.0417,0.0452
2026-02-25,C003,BrightOps,SEO,482,25,0,239.88,0.00,0.0000,0.0519
2026-02-25,C003,BrightOps,Paid Search,346,1,0,449.90,0.00,0.0000,0.0029
2026-02-25,C003,BrightOps,Content,425,8,0,199.90,0.00,0.0000,0.0188
2026-02-25,C003,BrightOps,LinkedIn Ads,555,4,0,274.94,0.00,0.0000,0.0072
2026-02-25,C003,BrightOps,Partnerships,471,45,1,399.80,801.92,0.0222,0.0955
2026-02-25,C003,BrightOps,Outbound Sales,956,57,1,699.85,810.01,0.0175,0.0596
2026-02-25,C003,BrightOps,Referral,542,37,1,169.27,750.71,0.0270,0.0683
2026-02-26,C003,BrightOps,SEO,322,33,1,366.31,821.20,0.0303,0.1025
2026-02-26,C003,BrightOps,Paid Search,637,36,1,687.04,662.18,0.0278,0.0565
2026-02-26,C003,BrightOps,Content,406,6,0,305.26,0.00,0.0000,0.0148
2026-02-26,C003,BrightOps,LinkedIn Ads,204,16,0,419.86,0.00,0.0000,0.0784
2026-02-26,C003,BrightOps,Partnerships,574,78,1,610.52,760.92,0.0128,0.1359
2026-02-26,C003,BrightOps,Outbound Sales,720,46,1,1068.73,818.31,0.0217,0.0639
2026-02-26,C003,BrightOps,Referral,535,51,1,258.51,639.31,0.0196,0.0953
2026-02-27,C003,BrightOps,SEO,454,14,0,336.37,0.00,0.0000,0.0308
2026-02-27,C003,BrightOps,Paid Search,440,35,1,630.88,722.22,0.0286,0.0795
2026-02-27,C003,BrightOps,Content,191,11,0,280.31,0.00,0.0000,0.0576
2026-02-27,C003,BrightOps,LinkedIn Ads,498,6,0,385.53,0.00,0.0000,0.0120
2026-02-27,C003,BrightOps,Partnerships,691,61,1,560.61,816.61,0.0164,0.0883
2026-02-27,C003,BrightOps,Outbound Sales,1265,73,1,981.36,887.65,0.0137,0.0577
2026-02-27,C003,BrightOps,Referral,422,25,1,237.36,623.95,0.0400,0.0592
2026-02-28,C003,BrightOps,SEO,595,8,0,148.08,0.00,0.0000,0.0134
2026-02-28,C003,BrightOps,Paid Search,393,19,0,277.74,0.00,0.0000,0.0483
2026-02-28,C003,BrightOps,Content,407,15,0,123.40,0.00,0.0000,0.0369
2026-02-28,C003,BrightOps,LinkedIn Ads,276,5,0,169.73,0.00,0.0000,0.0181
2026-02-28,C003,BrightOps,Partnerships,435,13,0,246.80,0.00,0.0000,0.0299
2026-02-28,C003,BrightOps,Outbound Sales,1210,64,1,432.04,873.71,0.0156,0.0529
2026-02-28,C003,BrightOps,Referral,428,58,1,104.50,590.73,0.0172,0.1355
2026-03-01,C003,BrightOps,SEO,267,16,0,199.64,0.00,0.0000,0.0599
2026-03-01,C003,BrightOps,Paid Search,447,53,1,374.43,740.71,0.0189,0.1186
2026-03-01,C003,BrightOps,Content,354,15,0,166.36,0.00,0.0000,0.0424
2026-03-01,C003,BrightOps,LinkedIn Ads,591,16,0,228.82,0.00,0.0000,0.0271
2026-03-01,C003,BrightOps,Partnerships,749,27,1,332.73,874.77,0.0370,0.0360
2026-03-01,C003,BrightOps,Outbound Sales,688,60,1,582.45,782.22,0.0167,0.0872
2026-03-01,C003,BrightOps,Referral,177,6,0,140.88,0.00,0.0000,0.0339
2026-03-02,C003,BrightOps,SEO,275,16,0,335.01,0.00,0.0000,0.0582
2026-03-02,C003,BrightOps,Paid Search,826,62,1,628.33,904.32,0.0161,0.0751
2026-03-02,C003,BrightOps,Content,453,22,0,279.18,0.00,0.0000,0.0486
2026-03-02,C003,BrightOps,LinkedIn Ads,460,25,0,383.98,0.00,0.0000,0.0543
2026-03-02,C003,BrightOps,Partnerships,639,68,1,558.35,816.53,0.0147,0.1064
2026-03-02,C003,BrightOps,Outbound Sales,792,74,1,977.40,691.24,0.0135,0.0934
2026-03-02,C003,BrightOps,Referral,336,39,1,236.41,741.13,0.0256,0.1161
2026-03-03,C003,BrightOps,SEO,338,1,0,227.92,0.00,0.0000,0.0030
2026-03-03,C003,BrightOps,Paid Search,776,68,1,427.47,776.62,0.0147,0.0876
2026-03-03,C003,BrightOps,Content,304,23,0,189.93,0.00,0.0000,0.0757
2026-03-03,C003,BrightOps,LinkedIn Ads,345,11,0,261.23,0.00,0.0000,0.0319
2026-03-03,C003,BrightOps,Partnerships,602,82,1,379.86,886.98,0.0122,0.1362
2026-03-03,C003,BrightOps,Outbound Sales,1009,53,1,664.95,815.87,0.0189,0.0525
2026-03-03,C003,BrightOps,Referral,305,21,0,160.83,0.00,0.0000,0.0689
2026-03-04,C003,BrightOps,SEO,552,25,0,72.15,0.00,0.0000,0.0453
2026-03-04,C003,BrightOps,Paid Search,467,21,0,135.32,0.00,0.0000,0.0450
2026-03-04,C003,BrightOps,Content,0,0,0,60.12,0.00,0.0000,0.0000
2026-03-04,C003,BrightOps,LinkedIn Ads,393,4,0,82.69,0.00,0.0000,0.0102
2026-03-04,C003,BrightOps,Partnerships,398,18,0,120.25,0.00,0.0000,0.0452
2026-03-04,C003,BrightOps,Outbound Sales,565,14,0,210.50,0.00,0.0000,0.0248
2026-03-04,C003,BrightOps,Referral,275,21,1,50.91,625.95,0.0476,0.0764
2026-03-05,C003,BrightOps,SEO,150,16,0,80.02,0.00,0.0000,0.1067
2026-03-05,C003,BrightOps,Paid Search,312,4,0,150.08,0.00,0.0000,0.0128
2026-03-05,C003,BrightOps,Content,109,23,0,66.68,0.00,0.0000,0.2110
2026-03-05,C003,BrightOps,LinkedIn Ads,207,4,0,91.72,0.00,0.0000,0.0193
2026-03-05,C003,BrightOps,Partnerships,550,16,0,133.37,0.00,0.0000,0.0291
2026-03-05,C003,BrightOps,Outbound Sales,325,5,0,233.46,0.00,0.0000,0.0154
2026-03-05,C003,BrightOps,Referral,414,50,1,56.46,736.24,0.0200,0.1208
2026-03-06,C003,BrightOps,SEO,301,16,0,133.26,0.00,0.0000,0.0532
2026-03-06,C003,BrightOps,Paid Search,471,15,0,249.94,0.00,0.0000,0.0318
2026-03-06,C003,BrightOps,Content,528,13,0,111.05,0.00,0.0000,0.0246
2026-03-06,C003,BrightOps,LinkedIn Ads,408,18,0,152.74,0.00,0.0000,0.0441
2026-03-06,C003,BrightOps,Partnerships,233,11,0,222.10,0.00,0.0000,0.0472
2026-03-06,C003,BrightOps,Outbound Sales,783,108,1,388.80,756.66,0.0093,0.1379
2026-03-06,C003,BrightOps,Referral,508,29,1,94.05,764.77,0.0345,0.0571
2026-03-07,C003,BrightOps,SEO,369,4,0,79.33,0.00,0.0000,0.0108
2026-03-07,C003,BrightOps,Paid Search,595,20,0,148.78,0.00,0.0000,0.0336
2026-03-07,C003,BrightOps,Content,361,16,0,66.10,0.00,0.0000,0.0443
2026-03-07,C003,BrightOps,LinkedIn Ads,512,19,0,90.92,0.00,0.0000,0.0371
2026-03-07,C003,BrightOps,Partnerships,209,21,0,132.21,0.00,0.0000,0.1005
2026-03-07,C003,BrightOps,Outbound Sales,346,24,0,231.43,0.00,0.0000,0.0694
2026-03-07,C003,BrightOps,Referral,514,57,1,55.98,841.41,0.0175,0.1109
2026-03-08,C003,BrightOps,SEO,129,19,0,136.98,0.00,0.0000,0.1473
2026-03-08,C003,BrightOps,Paid Search,304,20,0,256.91,0.00,0.0000,0.0658
2026-03-08,C003,BrightOps,Content,268,23,0,114.15,0.00,0.0000,0.0858
2026-03-08,C003,BrightOps,LinkedIn Ads,0,0,0,157.00,0.00,0.0000,0.0000
2026-03-08,C003,BrightOps,Partnerships,0,0,0,228.30,0.00,0.0000,0.0000
2026-03-08,C003,BrightOps,Outbound Sales,593,5,0,399.64,0.00,0.0000,0.0084
2026-03-08,C003,BrightOps,Referral,624,76,2,96.65,1414.67,0.0263,0.1218
2026-03-09,C003,BrightOps,SEO,212,2,0,67.54,0.00,0.0000,0.0094
2026-03-09,C003,BrightOps,Paid Search,437,19,0,126.68,0.00,0.0000,0.0435
2026-03-09,C003,BrightOps,Content,458,12,0,56.29,0.00,0.0000,0.0262
2026-03-09,C003,BrightOps,LinkedIn Ads,345,18,0,77.41,0.00,0.0000,0.0522
2026-03-09,C003,BrightOps,Partnerships,194,1,0,112.57,0.00,0.0000,0.0052
2026-03-09,C003,BrightOps,Outbound Sales,427,1,0,197.06,0.00,0.0000,0.0023
2026-03-09,C003,BrightOps,Referral,310,39,1,47.66,636.66,0.0256,0.1258
2026-03-10,C003,BrightOps,SEO,134,18,0,79.47,0.00,0.0000,0.1343
2026-03-10,C003,BrightOps,Paid Search,572,2,0,149.06,0.00,0.0000,0.0035
2026-03-10,C003,BrightOps,Content,326,16,0,66.23,0.00,0.0000,0.0491
2026-03-10,C003,BrightOps,LinkedIn Ads,108,7,0,91.09,0.00,0.0000,0.0648
2026-03-10,C003,BrightOps,Partnerships,487,19,0,132.46,0.00,0.0000,0.0390
2026-03-10,C003,BrightOps,Outbound Sales,490,24,0,231.87,0.00,0.0000,0.0490
2026-03-10,C003,BrightOps,Referral,378,30,1,56.07,628.79,0.0333,0.0794
2026-03-11,C003,BrightOps,SEO,92,2,0,292.95,0.00,0.0000,0.0217
2026-03-11,C003,BrightOps,Paid Search,826,97,1,549.45,605.60,0.0103,0.1174
2026-03-11,C003,BrightOps,Content,159,1,0,244.13,0.00,0.0000,0.0063
2026-03-11,C003,BrightOps,LinkedIn Ads,349,19,0,335.78,0.00,0.0000,0.0544
2026-03-11,C003,BrightOps,Partnerships,590,61,1,488.26,615.91,0.0164,0.1034
2026-03-11,C003,BrightOps,Outbound Sales,971,84,1,854.70,860.54,0.0119,0.0865
2026-03-11,C003,BrightOps,Referral,519,64,1,206.73,827.23,0.0156,0.1233
2026-03-12,C003,BrightOps,SEO,330,35,1,396.40,625.06,0.0286,0.1061
2026-03-12,C003,BrightOps,Paid Search,597,80,1,743.47,683.32,0.0125,0.1340
2026-03-12,C003,BrightOps,Content,399,7,0,330.33,0.00,0.0000,0.0175
2026-03-12,C003,BrightOps,LinkedIn Ads,120,4,0,454.34,0.00,0.0000,0.0333
2026-03-12,C003,BrightOps,Partnerships,711,58,1,660.66,597.47,0.0172,0.0816
2026-03-12,C003,BrightOps,Outbound Sales,779,75,1,1156.50,865.11,0.0133,0.0963
2026-03-12,C003,BrightOps,Referral,275,20,1,279.73,717.91,0.0500,0.0727
2026-03-13,C003,BrightOps,SEO,413,21,0,282.76,0.00,0.0000,0.0508
2026-03-13,C003,BrightOps,Paid Search,849,110,1,530.33,887.02,0.0091,0.1296
2026-03-13,C003,BrightOps,Content,319,18,0,235.63,0.00,0.0000,0.0564
2026-03-13,C003,BrightOps,LinkedIn Ads,151,13,0,324.09,0.00,0.0000,0.0861
2026-03-13,C003,BrightOps,Partnerships,857,113,1,471.27,875.51,0.0088,0.1319
2026-03-13,C003,BrightOps,Outbound Sales,915,87,1,824.96,845.79,0.0115,0.0951
2026-03-13,C003,BrightOps,Referral,328,44,1,199.54,838.03,0.0227,0.1341
2026-03-14,C003,BrightOps,SEO,399,17,0,246.60,0.00,0.0000,0.0426
2026-03-14,C003,BrightOps,Paid Search,357,21,0,462.51,0.00,0.0000,0.0588
2026-03-14,C003,BrightOps,Content,426,18,0,205.50,0.00,0.0000,0.0423
2026-03-14,C003,BrightOps,LinkedIn Ads,0,0,0,282.65,0.00,0.0000,0.0000
2026-03-14,C003,BrightOps,Partnerships,630,77,1,411.00,726.10,0.0130,0.1222
2026-03-14,C003,BrightOps,Outbound Sales,644,83,1,719.47,694.69,0.0120,0.1289
2026-03-14,C003,BrightOps,Referral,269,25,1,174.02,851.67,0.0400,0.0929
2026-03-15,C003,BrightOps,SEO,139,20,0,139.38,0.00,0.0000,0.1439
2026-03-15,C003,BrightOps,Paid Search,330,17,0,261.41,0.00,0.0000,0.0515
2026-03-15,C003,BrightOps,Content,462,21,0,116.15,0.00,0.0000,0.0455
2026-03-15,C003,BrightOps,LinkedIn Ads,550,16,0,159.75,0.00,0.0000,0.0291
2026-03-15,C003,BrightOps,Partnerships,526,21,0,232.30,0.00,0.0000,0.0399
2026-03-15,C003,BrightOps,Outbound Sales,467,19,0,406.65,0.00,0.0000,0.0407
2026-03-15,C003,BrightOps,Referral,744,76,2,98.36,1806.79,0.0263,0.1022
2026-03-16,C003,BrightOps,SEO,406,6,0,144.04,0.00,0.0000,0.0148
2026-03-16,C003,BrightOps,Paid Search,311,11,0,270.15,0.00,0.0000,0.0354
2026-03-16,C003,BrightOps,Content,184,24,0,120.03,0.00,0.0000,0.1304
2026-03-16,C003,BrightOps,LinkedIn Ads,526,18,0,165.09,0.00,0.0000,0.0342
2026-03-16,C003,BrightOps,Partnerships,582,19,0,240.06,0.00,0.0000,0.0326
2026-03-16,C003,BrightOps,Outbound Sales,811,44,1,420.24,687.73,0.0227,0.0543
2026-03-16,C003,BrightOps,Referral,323,25,1,101.65,915.02,0.0400,0.0774
2026-03-17,C003,BrightOps,SEO,442,2,0,160.14,0.00,0.0000,0.0045
2026-03-17,C003,BrightOps,Paid Search,546,7,0,300.35,0.00,0.0000,0.0128
2026-03-17,C003,BrightOps,Content,347,17,0,133.45,0.00,0.0000,0.0490
2026-03-17,C003,BrightOps,LinkedIn Ads,381,8,0,183.54,0.00,0.0000,0.0210
2026-03-17,C003,BrightOps,Partnerships,590,4,0,266.90,0.00,0.0000,0.0068
2026-03-17,C003,BrightOps,Outbound Sales,1223,155,1,467.21,645.78,0.0065,0.1267
2026-03-17,C003,BrightOps,Referral,375,43,1,112.99,899.29,0.0233,0.1147
2026-03-18,C003,BrightOps,SEO,493,16,0,149.66,0.00,0.0000,0.0325
2026-03-18,C003,BrightOps,Paid Search,402,22,0,280.70,0.00,0.0000,0.0547
2026-03-18,C003,BrightOps,Content,209,19,0,124.72,0.00,0.0000,0.0909
2026-03-18,C003,BrightOps,LinkedIn Ads,512,14,0,171.54,0.00,0.0000,0.0273
2026-03-18,C003,BrightOps,Partnerships,239,22,0,249.44,0.00,0.0000,0.0921
2026-03-18,C003,BrightOps,Outbound Sales,1004,121,1,436.65,618.23,0.0083,0.1205
2026-03-18,C003,BrightOps,Referral,518,50,1,105.62,814.20,0.0200,0.0965
2026-03-19,C003,BrightOps,SEO,444,15,0,80.66,0.00,0.0000,0.0338
2026-03-19,C003,BrightOps,Paid Search,385,13,0,151.28,0.00,0.0000,0.0338
2026-03-19,C003,BrightOps,Content,318,23,0,67.22,0.00,0.0000,0.0723
2026-03-19,C003,BrightOps,LinkedIn Ads,382,11,0,92.45,0.00,0.0000,0.0288
2026-03-19,C003,BrightOps,Partnerships,380,5,0,134.43,0.00,0.0000,0.0132
2026-03-19,C003,BrightOps,Outbound Sales,372,7,0,235.32,0.00,0.0000,0.0188
2026-03-19,C003,BrightOps,Referral,312,38,1,56.91,646.48,0.0263,0.1218
2026-03-20,C003,BrightOps,SEO,299,11,0,153.93,0.00,0.0000,0.0368
2026-03-20,C003,BrightOps,Paid Search,548,4,0,288.70,0.00,0.0000,0.0073
2026-03-20,C003,BrightOps,Content,536,14,0,128.27,0.00,0.0000,0.0261
2026-03-20,C003,BrightOps,LinkedIn Ads,220,21,0,176.43,0.00,0.0000,0.0955
2026-03-20,C003,BrightOps,Partnerships,416,2,0,256.55,0.00,0.0000,0.0048
2026-03-20,C003,BrightOps,Outbound Sales,176,21,0,449.09,0.00,0.0000,0.1193
2026-03-20,C003,BrightOps,Referral,688,90,2,108.61,1247.51,0.0222,0.1308
2026-03-21,C003,BrightOps,SEO,108,20,0,154.74,0.00,0.0000,0.1852
2026-03-21,C003,BrightOps,Paid Search,357,6,0,290.22,0.00,0.0000,0.0168
2026-03-21,C003,BrightOps,Content,287,4,0,128.95,0.00,0.0000,0.0139
2026-03-21,C003,BrightOps,LinkedIn Ads,89,6,0,177.36,0.00,0.0000,0.0674
2026-03-21,C003,BrightOps,Partnerships,509,1,0,257.90,0.00,0.0000,0.0020
2026-03-21,C003,BrightOps,Outbound Sales,1033,61,1,451.45,751.21,0.0164,0.0591
2026-03-21,C003,BrightOps,Referral,447,24,1,109.18,869.59,0.0417,0.0537
2026-03-22,C003,BrightOps,SEO,202,7,0,315.23,0.00,0.0000,0.0347
2026-03-22,C003,BrightOps,Paid Search,766,60,1,591.23,698.46,0.0167,0.0783
2026-03-22,C003,BrightOps,Content,206,10,0,262.69,0.00,0.0000,0.0485
2026-03-22,C003,BrightOps,LinkedIn Ads,605,25,0,361.31,0.00,0.0000,0.0413
2026-03-22,C003,BrightOps,Partnerships,413,26,1,525.38,885.91,0.0385,0.0630
2026-03-22,C003,BrightOps,Outbound Sales,631,73,1,919.69,814.56,0.0137,0.1157
2026-03-22,C003,BrightOps,Referral,373,44,1,222.43,722.80,0.0227,0.1180
2026-03-23,C003,BrightOps,SEO,268,18,0,292.00,0.00,0.0000,0.0672
2026-03-23,C003,BrightOps,Paid Search,452,61,1,547.66,699.89,0.0164,0.1350
2026-03-23,C003,BrightOps,Content,493,25,0,243.33,0.00,0.0000,0.0507
2026-03-23,C003,BrightOps,LinkedIn Ads,161,17,0,334.68,0.00,0.0000,0.1056
2026-03-23,C003,BrightOps,Partnerships,573,31,1,486.66,868.75,0.0323,0.0541
2026-03-23,C003,BrightOps,Outbound Sales,1094,71,1,851.91,892.83,0.0141,0.0649
2026-03-23,C003,BrightOps,Referral,349,24,1,206.05,672.99,0.0417,0.0688
2026-03-24,C003,BrightOps,SEO,487,19,1,460.42,690.52,0.0526,0.0390
2026-03-24,C003,BrightOps,Paid Search,770,46,1,863.54,839.45,0.0217,0.0597
2026-03-24,C003,BrightOps,Content,363,27,1,383.68,881.53,0.0370,0.0744
2026-03-24,C003,BrightOps,LinkedIn Ads,436,38,1,527.72,843.59,0.0263,0.0872
2026-03-24,C003,BrightOps,Partnerships,407,49,1,767.36,895.59,0.0204,0.1204
2026-03-24,C003,BrightOps,Outbound Sales,1003,76,1,1343.28,875.77,0.0132,0.0758
2026-03-24,C003,BrightOps,Referral,126,23,0,324.89,0.00,0.0000,0.1825
2026-03-25,C003,BrightOps,SEO,378,13,0,155.46,0.00,0.0000,0.0344
2026-03-25,C003,BrightOps,Paid Search,0,0,0,291.57,0.00,0.0000,0.0000
2026-03-25,C003,BrightOps,Content,212,22,0,129.55,0.00,0.0000,0.1038
2026-03-25,C003,BrightOps,LinkedIn Ads,472,14,0,178.18,0.00,0.0000,0.0297
2026-03-25,C003,BrightOps,Partnerships,185,20,0,259.10,0.00,0.0000,0.1081
2026-03-25,C003,BrightOps,Outbound Sales,172,7,0,453.56,0.00,0.0000,0.0407
2026-03-25,C003,BrightOps,Referral,869,73,2,109.70,1738.50,0.0274,0.0840
2026-03-26,C003,BrightOps,SEO,518,22,0,223.32,0.00,0.0000,0.0425
2026-03-26,C003,BrightOps,Paid Search,606,15,0,418.85,0.00,0.0000,0.0248
2026-03-26,C003,BrightOps,Content,179,16,0,186.10,0.00,0.0000,0.0894
2026-03-26,C003,BrightOps,LinkedIn Ads,0,0,0,255.97,0.00,0.0000,0.0000
2026-03-26,C003,BrightOps,Partnerships,479,38,1,372.20,603.37,0.0263,0.0793
2026-03-26,C003,BrightOps,Outbound Sales,708,84,1,651.55,636.85,0.0119,0.1186
2026-03-26,C003,BrightOps,Referral,512,40,1,157.60,688.95,0.0250,0.0781
2026-03-27,C003,BrightOps,SEO,269,20,0,79.74,0.00,0.0000,0.0743
2026-03-27,C003,BrightOps,Paid Search,482,22,0,149.56,0.00,0.0000,0.0456
2026-03-27,C003,BrightOps,Content,241,23,0,66.45,0.00,0.0000,0.0954
2026-03-27,C003,BrightOps,LinkedIn Ads,238,5,0,91.40,0.00,0.0000,0.0210
2026-03-27,C003,BrightOps,Partnerships,182,6,0,132.90,0.00,0.0000,0.0330
2026-03-27,C003,BrightOps,Outbound Sales,153,5,0,232.64,0.00,0.0000,0.0327
2026-03-27,C003,BrightOps,Referral,417,24,1,56.27,595.09,0.0417,0.0576
2026-03-28,C003,BrightOps,SEO,295,8,0,224.18,0.00,0.0000,0.0271
2026-03-28,C003,BrightOps,Paid Search,192,8,0,420.46,0.00,0.0000,0.0417
2026-03-28,C003,BrightOps,Content,381,18,0,186.82,0.00,0.0000,0.0472
2026-03-28,C003,BrightOps,LinkedIn Ads,258,6,0,256.95,0.00,0.0000,0.0233
2026-03-28,C003,BrightOps,Partnerships,503,66,1,373.64,639.05,0.0152,0.1312
2026-03-28,C003,BrightOps,Outbound Sales,1205,83,1,654.05,635.89,0.0120,0.0689
2026-03-28,C003,BrightOps,Referral,492,39,1,158.20,699.03,0.0256,0.0793
2026-03-29,C003,BrightOps,SEO,420,16,0,147.50,0.00,0.0000,0.0381
2026-03-29,C003,BrightOps,Paid Search,384,20,0,276.64,0.00,0.0000,0.0521
2026-03-29,C003,BrightOps,Content,361,25,0,122.92,0.00,0.0000,0.0693
2026-03-29,C003,BrightOps,LinkedIn Ads,0,0,0,169.06,0.00,0.0000,0.0000
2026-03-29,C003,BrightOps,Partnerships,311,13,0,245.83,0.00,0.0000,0.0418
2026-03-29,C003,BrightOps,Outbound Sales,1238,68,1,430.33,649.85,0.0147,0.0549
2026-03-29,C003,BrightOps,Referral,474,17,1,104.08,710.29,0.0588,0.0359
2026-03-30,C003,BrightOps,SEO,122,8,0,253.29,0.00,0.0000,0.0656
2026-03-30,C003,BrightOps,Paid Search,361,22,0,475.07,0.00,0.0000,0.0609
2026-03-30,C003,BrightOps,Content,584,22,0,211.08,0.00,0.0000,0.0377
2026-03-30,C003,BrightOps,LinkedIn Ads,206,20,0,290.32,0.00,0.0000,0.0971
2026-03-30,C003,BrightOps,Partnerships,284,23,0,422.16,0.00,0.0000,0.0810
2026-03-30,C003,BrightOps,Outbound Sales,884,109,1,738.99,737.65,0.0092,0.1233
2026-03-30,C003,BrightOps,Referral,926,62,2,178.73,1365.10,0.0323,0.0670
2026-03-31,C003,BrightOps,SEO,460,5,0,291.42,0.00,0.0000,0.0109
2026-03-31,C003,BrightOps,Paid Search,593,72,1,546.58,610.82,0.0139,0.1214
2026-03-31,C003,BrightOps,Content,173,8,0,242.85,0.00,0.0000,0.0462
2026-03-31,C003,BrightOps,LinkedIn Ads,270,13,0,334.02,0.00,0.0000,0.0481
2026-03-31,C003,BrightOps,Partnerships,851,57,1,485.70,706.86,0.0175,0.0670
2026-03-31,C003,BrightOps,Outbound Sales,989,106,1,850.23,899.34,0.0094,0.1072
2026-03-31,C003,BrightOps,Referral,276,36,1,205.66,832.68,0.0278,0.1304
2026-01-01,C004,ClearAnalytics,SEO,315,23,1,431.03,731.18,0.0435,0.0730
2026-01-01,C004,ClearAnalytics,Paid Search,547,58,1,676.60,695.44,0.0172,0.1060
2026-01-01,C004,ClearAnalytics,Content,271,9,0,254.70,0.00,0.0000,0.0332
2026-01-01,C004,ClearAnalytics,LinkedIn Ads,292,8,0,297.71,0.00,0.0000,0.0274
2026-01-01,C004,ClearAnalytics,Partnerships,458,15,0,235.11,0.00,0.0000,0.0328
2026-01-01,C004,ClearAnalytics,Outbound Sales,274,20,0,433.03,0.00,0.0000,0.0730
2026-01-01,C004,ClearAnalytics,Referral,500,37,1,163.46,646.22,0.0270,0.0740
2026-01-02,C004,ClearAnalytics,SEO,352,48,1,422.07,718.14,0.0208,0.1364
2026-01-02,C004,ClearAnalytics,Paid Search,443,51,1,662.54,549.71,0.0196,0.1151
2026-01-02,C004,ClearAnalytics,Content,290,20,0,249.41,0.00,0.0000,0.0690
2026-01-02,C004,ClearAnalytics,LinkedIn Ads,135,21,0,291.52,0.00,0.0000,0.1556
2026-01-02,C004,ClearAnalytics,Partnerships,516,5,0,230.22,0.00,0.0000,0.0097
2026-01-02,C004,ClearAnalytics,Outbound Sales,404,11,0,424.02,0.00,0.0000,0.0272
2026-01-02,C004,ClearAnalytics,Referral,414,47,1,160.06,712.46,0.0213,0.1135
2026-01-03,C004,ClearAnalytics,SEO,584,10,0,130.72,0.00,0.0000,0.0171
2026-01-03,C004,ClearAnalytics,Paid Search,623,24,0,205.20,0.00,0.0000,0.0385
2026-01-03,C004,ClearAnalytics,Content,127,18,0,77.25,0.00,0.0000,0.1417
2026-01-03,C004,ClearAnalytics,LinkedIn Ads,305,22,0,90.29,0.00,0.0000,0.0721
2026-01-03,C004,ClearAnalytics,Partnerships,160,25,0,71.30,0.00,0.0000,0.1562
2026-01-03,C004,ClearAnalytics,Outbound Sales,499,14,0,131.33,0.00,0.0000,0.0281
2026-01-03,C004,ClearAnalytics,Referral,250,12,1,49.57,572.57,0.0833,0.0480
2026-01-04,C004,ClearAnalytics,SEO,455,56,1,359.46,490.96,0.0179,0.1231
2026-01-04,C004,ClearAnalytics,Paid Search,447,41,1,564.25,682.04,0.0244,0.0917
2026-01-04,C004,ClearAnalytics,Content,350,22,0,212.41,0.00,0.0000,0.0629
2026-01-04,C004,ClearAnalytics,LinkedIn Ads,493,4,0,248.27,0.00,0.0000,0.0081
2026-01-04,C004,ClearAnalytics,Partnerships,496,13,0,196.07,0.00,0.0000,0.0262
2026-01-04,C004,ClearAnalytics,Outbound Sales,0,0,0,361.12,0.00,0.0000,0.0000
2026-01-04,C004,ClearAnalytics,Referral,432,49,1,136.32,589.37,0.0204,0.1134
2026-01-05,C004,ClearAnalytics,SEO,297,1,0,261.36,0.00,0.0000,0.0034
2026-01-05,C004,ClearAnalytics,Paid Search,375,4,0,410.27,0.00,0.0000,0.0107
2026-01-05,C004,ClearAnalytics,Content,276,13,0,154.44,0.00,0.0000,0.0471
2026-01-05,C004,ClearAnalytics,LinkedIn Ads,436,2,0,180.52,0.00,0.0000,0.0046
2026-01-05,C004,ClearAnalytics,Partnerships,0,0,0,142.56,0.00,0.0000,0.0000
2026-01-05,C004,ClearAnalytics,Outbound Sales,0,0,0,262.57,0.00,0.0000,0.0000
2026-01-05,C004,ClearAnalytics,Referral,1075,82,2,99.12,1009.22,0.0244,0.0763
2026-01-06,C004,ClearAnalytics,SEO,445,22,0,145.10,0.00,0.0000,0.0494
2026-01-06,C004,ClearAnalytics,Paid Search,485,13,0,227.77,0.00,0.0000,0.0268
2026-01-06,C004,ClearAnalytics,Content,366,22,0,85.74,0.00,0.0000,0.0601
2026-01-06,C004,ClearAnalytics,LinkedIn Ads,556,1,0,100.22,0.00,0.0000,0.0018
2026-01-06,C004,ClearAnalytics,Partnerships,477,19,0,79.15,0.00,0.0000,0.0398
2026-01-06,C004,ClearAnalytics,Outbound Sales,370,17,0,145.77,0.00,0.0000,0.0459
2026-01-06,C004,ClearAnalytics,Referral,357,13,1,55.03,571.58,0.0769,0.0364
2026-01-07,C004,ClearAnalytics,SEO,302,27,1,406.12,689.76,0.0370,0.0894
2026-01-07,C004,ClearAnalytics,Paid Search,606,38,1,637.50,679.35,0.0263,0.0627
2026-01-07,C004,ClearAnalytics,Content,572,23,0,239.98,0.00,0.0000,0.0402
2026-01-07,C004,ClearAnalytics,LinkedIn Ads,206,23,0,280.50,0.00,0.0000,0.1117
2026-01-07,C004,ClearAnalytics,Partnerships,412,23,0,221.52,0.00,0.0000,0.0558
2026-01-07,C004,ClearAnalytics,Outbound Sales,181,20,0,408.00,0.00,0.0000,0.1105
2026-01-07,C004,ClearAnalytics,Referral,380,17,1,154.03,646.82,0.0588,0.0447
2026-01-08,C004,ClearAnalytics,SEO,264,25,1,578.52,699.10,0.0400,0.0947
2026-01-08,C004,ClearAnalytics,Paid Search,758,88,1,908.11,627.73,0.0114,0.1161
2026-01-08,C004,ClearAnalytics,Content,368,9,0,341.85,0.00,0.0000,0.0245
2026-01-08,C004,ClearAnalytics,LinkedIn Ads,361,8,0,399.57,0.00,0.0000,0.0222
2026-01-08,C004,ClearAnalytics,Partnerships,105,7,0,315.56,0.00,0.0000,0.0667
2026-01-08,C004,ClearAnalytics,Outbound Sales,1019,113,1,581.19,717.35,0.0088,0.1109
2026-01-08,C004,ClearAnalytics,Referral,426,43,1,219.40,638.72,0.0233,0.1009
2026-01-09,C004,ClearAnalytics,SEO,310,15,0,127.91,0.00,0.0000,0.0484
2026-01-09,C004,ClearAnalytics,Paid Search,181,21,0,200.79,0.00,0.0000,0.1160
2026-01-09,C004,ClearAnalytics,Content,474,16,0,75.58,0.00,0.0000,0.0338
2026-01-09,C004,ClearAnalytics,LinkedIn Ads,254,4,0,88.35,0.00,0.0000,0.0157
2026-01-09,C004,ClearAnalytics,Partnerships,394,24,0,69.77,0.00,0.0000,0.0609
2026-01-09,C004,ClearAnalytics,Outbound Sales,471,4,0,128.50,0.00,0.0000,0.0085
2026-01-09,C004,ClearAnalytics,Referral,504,22,1,48.51,547.79,0.0455,0.0437
2026-01-10,C004,ClearAnalytics,SEO,543,50,1,431.05,696.50,0.0200,0.0921
2026-01-10,C004,ClearAnalytics,Paid Search,687,47,1,676.63,663.18,0.0213,0.0684
2026-01-10,C004,ClearAnalytics,Content,425,20,0,254.71,0.00,0.0000,0.0471
2026-01-10,C004,ClearAnalytics,LinkedIn Ads,579,24,0,297.72,0.00,0.0000,0.0415
2026-01-10,C004,ClearAnalytics,Partnerships,387,12,0,235.12,0.00,0.0000,0.0310
2026-01-10,C004,ClearAnalytics,Outbound Sales,201,21,0,433.04,0.00,0.0000,0.1045
2026-01-10,C004,ClearAnalytics,Referral,445,61,1,163.46,541.62,0.0164,0.1371
2026-01-11,C004,ClearAnalytics,SEO,421,32,1,403.17,579.11,0.0312,0.0760
2026-01-11,C004,ClearAnalytics,Paid Search,673,56,1,632.87,751.74,0.0179,0.0832
2026-01-11,C004,ClearAnalytics,Content,289,12,0,238.24,0.00,0.0000,0.0415
2026-01-11,C004,ClearAnalytics,LinkedIn Ads,568,5,0,278.46,0.00,0.0000,0.0088
2026-01-11,C004,ClearAnalytics,Partnerships,0,0,0,219.91,0.00,0.0000,0.0000
2026-01-11,C004,ClearAnalytics,Outbound Sales,268,7,0,405.03,0.00,0.0000,0.0261
2026-01-11,C004,ClearAnalytics,Referral,400,20,1,152.90,720.35,0.0500,0.0500
2026-01-12,C004,ClearAnalytics,SEO,474,50,1,568.41,728.39,0.0200,0.1055
2026-01-12,C004,ClearAnalytics,Paid Search,813,34,1,892.24,753.32,0.0294,0.0418
2026-01-12,C004,ClearAnalytics,Content,123,19,0,335.88,0.00,0.0000,0.1545
2026-01-12,C004,ClearAnalytics,LinkedIn Ads,143,23,0,392.59,0.00,0.0000,0.1608
2026-01-12,C004,ClearAnalytics,Partnerships,220,13,0,310.04,0.00,0.0000,0.0591
2026-01-12,C004,ClearAnalytics,Outbound Sales,1123,107,1,571.03,520.39,0.0093,0.0953
2026-01-12,C004,ClearAnalytics,Referral,300,23,1,215.56,528.69,0.0435,0.0767
2026-01-13,C004,ClearAnalytics,SEO,354,24,0,256.55,0.00,0.0000,0.0678
2026-01-13,C004,ClearAnalytics,Paid Search,358,14,0,402.72,0.00,0.0000,0.0391
2026-01-13,C004,ClearAnalytics,Content,115,9,0,151.60,0.00,0.0000,0.0783
2026-01-13,C004,ClearAnalytics,LinkedIn Ads,264,22,0,177.20,0.00,0.0000,0.0833
2026-01-13,C004,ClearAnalytics,Partnerships,215,4,0,139.94,0.00,0.0000,0.0186
2026-01-13,C004,ClearAnalytics,Outbound Sales,0,0,0,257.74,0.00,0.0000,0.0000
2026-01-13,C004,ClearAnalytics,Referral,849,42,2,97.30,1122.09,0.0476,0.0495
2026-01-14,C004,ClearAnalytics,SEO,597,4,0,130.95,0.00,0.0000,0.0067
2026-01-14,C004,ClearAnalytics,Paid Search,578,5,0,205.56,0.00,0.0000,0.0087
2026-01-14,C004,ClearAnalytics,Content,320,10,0,77.38,0.00,0.0000,0.0312
2026-01-14,C004,ClearAnalytics,LinkedIn Ads,227,25,0,90.45,0.00,0.0000,0.1101
2026-01-14,C004,ClearAnalytics,Partnerships,0,0,0,71.43,0.00,0.0000,0.0000
2026-01-14,C004,ClearAnalytics,Outbound Sales,294,7,0,131.56,0.00,0.0000,0.0238
2026-01-14,C004,ClearAnalytics,Referral,259,26,1,49.65,629.34,0.0385,0.1004
2026-01-15,C004,ClearAnalytics,SEO,349,16,0,135.60,0.00,0.0000,0.0458
2026-01-15,C004,ClearAnalytics,Paid Search,320,7,0,212.86,0.00,0.0000,0.0219
2026-01-15,C004,ClearAnalytics,Content,381,17,0,80.13,0.00,0.0000,0.0446
2026-01-15,C004,ClearAnalytics,LinkedIn Ads,394,4,0,93.66,0.00,0.0000,0.0102
2026-01-15,C004,ClearAnalytics,Partnerships,194,14,0,73.97,0.00,0.0000,0.0722
2026-01-15,C004,ClearAnalytics,Outbound Sales,575,6,0,136.23,0.00,0.0000,0.0104
2026-01-15,C004,ClearAnalytics,Referral,275,18,1,51.42,651.91,0.0556,0.0655
2026-01-16,C004,ClearAnalytics,SEO,299,20,0,131.80,0.00,0.0000,0.0669
2026-01-16,C004,ClearAnalytics,Paid Search,504,8,0,206.88,0.00,0.0000,0.0159
2026-01-16,C004,ClearAnalytics,Content,386,16,0,77.88,0.00,0.0000,0.0415
2026-01-16,C004,ClearAnalytics,LinkedIn Ads,603,8,0,91.03,0.00,0.0000,0.0133
2026-01-16,C004,ClearAnalytics,Partnerships,101,15,0,71.89,0.00,0.0000,0.1485
2026-01-16,C004,ClearAnalytics,Outbound Sales,524,2,0,132.40,0.00,0.0000,0.0038
2026-01-16,C004,ClearAnalytics,Referral,278,34,1,49.98,665.27,0.0294,0.1223
2026-01-17,C004,ClearAnalytics,SEO,579,16,0,143.54,0.00,0.0000,0.0276
2026-01-17,C004,ClearAnalytics,Paid Search,415,4,0,225.32,0.00,0.0000,0.0096
2026-01-17,C004,ClearAnalytics,Content,259,19,0,84.82,0.00,0.0000,0.0734
2026-01-17,C004,ClearAnalytics,LinkedIn Ads,368,13,0,99.14,0.00,0.0000,0.0353
2026-01-17,C004,ClearAnalytics,Partnerships,239,11,0,78.30,0.00,0.0000,0.0460
2026-01-17,C004,ClearAnalytics,Outbound Sales,524,9,0,144.21,0.00,0.0000,0.0172
2026-01-17,C004,ClearAnalytics,Referral,478,17,1,54.43,504.83,0.0588,0.0356
2026-01-18,C004,ClearAnalytics,SEO,363,21,0,132.75,0.00,0.0000,0.0579
2026-01-18,C004,ClearAnalytics,Paid Search,294,10,0,208.38,0.00,0.0000,0.0340
2026-01-18,C004,ClearAnalytics,Content,330,2,0,78.44,0.00,0.0000,0.0061
2026-01-18,C004,ClearAnalytics,LinkedIn Ads,480,1,0,91.69,0.00,0.0000,0.0021
2026-01-18,C004,ClearAnalytics,Partnerships,483,19,0,72.41,0.00,0.0000,0.0393
2026-01-18,C004,ClearAnalytics,Outbound Sales,385,14,0,133.37,0.00,0.0000,0.0364
2026-01-18,C004,ClearAnalytics,Referral,290,32,1,50.35,758.72,0.0312,0.1103
2026-01-19,C004,ClearAnalytics,SEO,356,10,0,274.88,0.00,0.0000,0.0281
2026-01-19,C004,ClearAnalytics,Paid Search,173,24,0,431.48,0.00,0.0000,0.1387
2026-01-19,C004,ClearAnalytics,Content,547,11,0,162.43,0.00,0.0000,0.0201
2026-01-19,C004,ClearAnalytics,LinkedIn Ads,432,11,0,189.85,0.00,0.0000,0.0255
2026-01-19,C004,ClearAnalytics,Partnerships,0,0,0,149.93,0.00,0.0000,0.0000
2026-01-19,C004,ClearAnalytics,Outbound Sales,154,25,0,276.15,0.00,0.0000,0.1623
2026-01-19,C004,ClearAnalytics,Referral,536,74,2,104.24,988.12,0.0270,0.1381
2026-01-20,C004,ClearAnalytics,SEO,168,20,0,289.58,0.00,0.0000,0.1190
2026-01-20,C004,ClearAnalytics,Paid Search,259,17,0,454.56,0.00,0.0000,0.0656
2026-01-20,C004,ClearAnalytics,Content,294,19,0,171.12,0.00,0.0000,0.0646
2026-01-20,C004,ClearAnalytics,LinkedIn Ads,249,14,0,200.01,0.00,0.0000,0.0562
2026-01-20,C004,ClearAnalytics,Partnerships,538,16,0,157.95,0.00,0.0000,0.0297
2026-01-20,C004,ClearAnalytics,Outbound Sales,111,12,0,290.92,0.00,0.0000,0.1081
2026-01-20,C004,ClearAnalytics,Referral,693,35,2,109.82,1301.07,0.0571,0.0505
2026-01-21,C004,ClearAnalytics,SEO,258,22,0,247.41,0.00,0.0000,0.0853
2026-01-21,C004,ClearAnalytics,Paid Search,137,17,0,388.36,0.00,0.0000,0.1241
2026-01-21,C004,ClearAnalytics,Content,325,10,0,146.20,0.00,0.0000,0.0308
2026-01-21,C004,ClearAnalytics,LinkedIn Ads,309,7,0,170.88,0.00,0.0000,0.0227
2026-01-21,C004,ClearAnalytics,Partnerships,467,3,0,134.95,0.00,0.0000,0.0064
2026-01-21,C004,ClearAnalytics,Outbound Sales,538,1,0,248.55,0.00,0.0000,0.0019
2026-01-21,C004,ClearAnalytics,Referral,619,71,2,93.83,1427.83,0.0282,0.1147
2026-01-22,C004,ClearAnalytics,SEO,476,22,1,426.57,693.57,0.0455,0.0462
2026-01-22,C004,ClearAnalytics,Paid Search,877,68,1,669.59,760.91,0.0147,0.0775
2026-01-22,C004,ClearAnalytics,Content,550,3,0,252.06,0.00,0.0000,0.0055
2026-01-22,C004,ClearAnalytics,LinkedIn Ads,446,3,0,294.62,0.00,0.0000,0.0067
2026-01-22,C004,ClearAnalytics,Partnerships,407,20,0,232.67,0.00,0.0000,0.0491
2026-01-22,C004,ClearAnalytics,Outbound Sales,111,15,0,428.54,0.00,0.0000,0.1351
2026-01-22,C004,ClearAnalytics,Referral,332,34,1,161.78,502.09,0.0294,0.1024
2026-01-23,C004,ClearAnalytics,SEO,390,20,1,404.78,710.58,0.0500,0.0513
2026-01-23,C004,ClearAnalytics,Paid Search,717,53,1,635.40,716.32,0.0189,0.0739
2026-01-23,C004,ClearAnalytics,Content,269,4,0,239.19,0.00,0.0000,0.0149
2026-01-23,C004,ClearAnalytics,LinkedIn Ads,399,6,0,279.58,0.00,0.0000,0.0150
2026-01-23,C004,ClearAnalytics,Partnerships,0,0,0,220.79,0.00,0.0000,0.0000
2026-01-23,C004,ClearAnalytics,Outbound Sales,501,4,0,406.66,0.00,0.0000,0.0080
2026-01-23,C004,ClearAnalytics,Referral,363,35,1,153.51,536.35,0.0286,0.0964
2026-01-24,C004,ClearAnalytics,SEO,540,45,1,394.34,725.38,0.0222,0.0833
2026-01-24,C004,ClearAnalytics,Paid Search,464,45,1,619.00,489.80,0.0222,0.0970
2026-01-24,C004,ClearAnalytics,Content,464,10,0,233.02,0.00,0.0000,0.0216
2026-01-24,C004,ClearAnalytics,LinkedIn Ads,298,18,0,272.36,0.00,0.0000,0.0604
2026-01-24,C004,ClearAnalytics,Partnerships,185,21,0,215.09,0.00,0.0000,0.1135
2026-01-24,C004,ClearAnalytics,Outbound Sales,318,7,0,396.16,0.00,0.0000,0.0220
2026-01-24,C004,ClearAnalytics,Referral,469,31,1,149.56,757.83,0.0323,0.0661
2026-01-25,C004,ClearAnalytics,SEO,249,21,0,147.80,0.00,0.0000,0.0843
2026-01-25,C004,ClearAnalytics,Paid Search,141,12,0,232.00,0.00,0.0000,0.0851
2026-01-25,C004,ClearAnalytics,Content,348,25,0,87.34,0.00,0.0000,0.0718
2026-01-25,C004,ClearAnalytics,LinkedIn Ads,283,11,0,102.08,0.00,0.0000,0.0389
2026-01-25,C004,ClearAnalytics,Partnerships,550,6,0,80.62,0.00,0.0000,0.0109
2026-01-25,C004,ClearAnalytics,Outbound Sales,449,24,0,148.48,0.00,0.0000,0.0535
2026-01-25,C004,ClearAnalytics,Referral,517,31,1,56.05,729.74,0.0323,0.0600
2026-01-26,C004,ClearAnalytics,SEO,119,13,0,293.67,0.00,0.0000,0.1092
2026-01-26,C004,ClearAnalytics,Paid Search,206,3,0,460.98,0.00,0.0000,0.0146
2026-01-26,C004,ClearAnalytics,Content,177,13,0,173.53,0.00,0.0000,0.0734
2026-01-26,C004,ClearAnalytics,LinkedIn Ads,295,16,0,202.83,0.00,0.0000,0.0542
2026-01-26,C004,ClearAnalytics,Partnerships,465,23,0,160.18,0.00,0.0000,0.0495
2026-01-26,C004,ClearAnalytics,Outbound Sales,452,1,0,295.02,0.00,0.0000,0.0022
2026-01-26,C004,ClearAnalytics,Referral,916,127,2,111.37,1185.46,0.0157,0.1386
2026-01-27,C004,ClearAnalytics,SEO,475,24,1,415.32,606.37,0.0417,0.0505
2026-01-27,C004,ClearAnalytics,Paid Search,423,57,1,651.93,571.26,0.0175,0.1348
2026-01-27,C004,ClearAnalytics,Content,423,14,0,245.42,0.00,0.0000,0.0331
2026-01-27,C004,ClearAnalytics,LinkedIn Ads,416,17,0,286.85,0.00,0.0000,0.0409
2026-01-27,C004,ClearAnalytics,Partnerships,524,24,0,226.54,0.00,0.0000,0.0458
2026-01-27,C004,ClearAnalytics,Outbound Sales,487,7,0,417.24,0.00,0.0000,0.0144
2026-01-27,C004,ClearAnalytics,Referral,443,33,1,157.50,558.06,0.0303,0.0745
2026-01-28,C004,ClearAnalytics,SEO,256,21,0,121.59,0.00,0.0000,0.0820
2026-01-28,C004,ClearAnalytics,Paid Search,220,20,0,190.87,0.00,0.0000,0.0909
2026-01-28,C004,ClearAnalytics,Content,535,7,0,71.85,0.00,0.0000,0.0131
2026-01-28,C004,ClearAnalytics,LinkedIn Ads,431,2,0,83.98,0.00,0.0000,0.0046
2026-01-28,C004,ClearAnalytics,Partnerships,203,8,0,66.32,0.00,0.0000,0.0394
2026-01-28,C004,ClearAnalytics,Outbound Sales,603,25,0,122.15,0.00,0.0000,0.0415
2026-01-28,C004,ClearAnalytics,Referral,317,24,1,46.12,655.75,0.0417,0.0757
2026-01-29,C004,ClearAnalytics,SEO,207,20,0,140.09,0.00,0.0000,0.0966
2026-01-29,C004,ClearAnalytics,Paid Search,608,8,0,219.90,0.00,0.0000,0.0132
2026-01-29,C004,ClearAnalytics,Content,0,0,0,82.78,0.00,0.0000,0.0000
2026-01-29,C004,ClearAnalytics,LinkedIn Ads,542,18,0,96.75,0.00,0.0000,0.0332
2026-01-29,C004,ClearAnalytics,Partnerships,481,17,0,76.41,0.00,0.0000,0.0353
2026-01-29,C004,ClearAnalytics,Outbound Sales,183,3,0,140.73,0.00,0.0000,0.0164
2026-01-29,C004,ClearAnalytics,Referral,285,32,1,53.13,649.37,0.0312,0.1123
2026-01-30,C004,ClearAnalytics,SEO,132,14,0,141.97,0.00,0.0000,0.1061
2026-01-30,C004,ClearAnalytics,Paid Search,127,21,0,222.85,0.00,0.0000,0.1654
2026-01-30,C004,ClearAnalytics,Content,511,9,0,83.89,0.00,0.0000,0.0176
2026-01-30,C004,ClearAnalytics,LinkedIn Ads,453,21,0,98.05,0.00,0.0000,0.0464
2026-01-30,C004,ClearAnalytics,Partnerships,559,10,0,77.44,0.00,0.0000,0.0179
2026-01-30,C004,ClearAnalytics,Outbound Sales,426,17,0,142.63,0.00,0.0000,0.0399
2026-01-30,C004,ClearAnalytics,Referral,475,55,1,53.84,722.24,0.0182,0.1158
2026-01-31,C004,ClearAnalytics,SEO,318,38,1,428.19,741.36,0.0263,0.1195
2026-01-31,C004,ClearAnalytics,Paid Search,594,59,1,672.14,540.88,0.0169,0.0993
2026-01-31,C004,ClearAnalytics,Content,436,11,0,253.02,0.00,0.0000,0.0252
2026-01-31,C004,ClearAnalytics,LinkedIn Ads,106,10,0,295.74,0.00,0.0000,0.0943
2026-01-31,C004,ClearAnalytics,Partnerships,400,17,0,233.56,0.00,0.0000,0.0425
2026-01-31,C004,ClearAnalytics,Outbound Sales,181,6,0,430.17,0.00,0.0000,0.0331
2026-01-31,C004,ClearAnalytics,Referral,429,54,1,162.39,724.30,0.0185,0.1259
2026-02-01,C004,ClearAnalytics,SEO,503,56,1,363.99,570.54,0.0179,0.1113
2026-02-01,C004,ClearAnalytics,Paid Search,439,61,1,571.37,717.12,0.0164,0.1390
2026-02-01,C004,ClearAnalytics,Content,0,0,0,215.09,0.00,0.0000,0.0000
2026-02-01,C004,ClearAnalytics,LinkedIn Ads,537,7,0,251.40,0.00,0.0000,0.0130
2026-02-01,C004,ClearAnalytics,Partnerships,0,0,0,198.54,0.00,0.0000,0.0000
2026-02-01,C004,ClearAnalytics,Outbound Sales,294,18,0,365.68,0.00,0.0000,0.0612
2026-02-01,C004,ClearAnalytics,Referral,504,48,1,138.04,648.08,0.0208,0.0952
2026-02-02,C004,ClearAnalytics,SEO,490,39,1,434.21,737.47,0.0256,0.0796
2026-02-02,C004,ClearAnalytics,Paid Search,553,40,1,681.60,526.64,0.0250,0.0723
2026-02-02,C004,ClearAnalytics,Content,228,17,0,256.58,0.00,0.0000,0.0746
2026-02-02,C004,ClearAnalytics,LinkedIn Ads,418,17,0,299.90,0.00,0.0000,0.0407
2026-02-02,C004,ClearAnalytics,Partnerships,331,22,0,236.84,0.00,0.0000,0.0665
2026-02-02,C004,ClearAnalytics,Outbound Sales,541,15,0,436.22,0.00,0.0000,0.0277
2026-02-02,C004,ClearAnalytics,Referral,548,20,1,164.68,643.55,0.0500,0.0365
2026-02-03,C004,ClearAnalytics,SEO,269,29,1,365.56,559.00,0.0345,0.1078
2026-02-03,C004,ClearAnalytics,Paid Search,413,40,1,573.83,683.54,0.0250,0.0969
2026-02-03,C004,ClearAnalytics,Content,411,14,0,216.01,0.00,0.0000,0.0341
2026-02-03,C004,ClearAnalytics,LinkedIn Ads,512,16,0,252.49,0.00,0.0000,0.0312
2026-02-03,C004,ClearAnalytics,Partnerships,0,0,0,199.40,0.00,0.0000,0.0000
2026-02-03,C004,ClearAnalytics,Outbound Sales,176,24,0,367.25,0.00,0.0000,0.1364
2026-02-03,C004,ClearAnalytics,Referral,408,45,1,138.65,543.20,0.0222,0.1103
2026-02-04,C004,ClearAnalytics,SEO,528,58,1,730.56,514.14,0.0172,0.1098
2026-02-04,C004,ClearAnalytics,Paid Search,675,90,1,1146.77,711.27,0.0111,0.1333
2026-02-04,C004,ClearAnalytics,Content,392,48,1,431.69,516.00,0.0208,0.1224
2026-02-04,C004,ClearAnalytics,LinkedIn Ads,187,15,0,504.58,0.00,0.0000,0.0802
2026-02-04,C004,ClearAnalytics,Partnerships,508,70,1,398.48,512.06,0.0143,0.1378
2026-02-04,C004,ClearAnalytics,Outbound Sales,654,40,1,733.93,506.37,0.0250,0.0612
2026-02-04,C004,ClearAnalytics,Referral,255,3,0,277.06,0.00,0.0000,0.0118
2026-02-05,C004,ClearAnalytics,SEO,258,2,0,254.88,0.00,0.0000,0.0078
2026-02-05,C004,ClearAnalytics,Paid Search,190,11,0,400.09,0.00,0.0000,0.0579
2026-02-05,C004,ClearAnalytics,Content,275,14,0,150.61,0.00,0.0000,0.0509
2026-02-05,C004,ClearAnalytics,LinkedIn Ads,220,17,0,176.04,0.00,0.0000,0.0773
2026-02-05,C004,ClearAnalytics,Partnerships,256,5,0,139.03,0.00,0.0000,0.0195
2026-02-05,C004,ClearAnalytics,Outbound Sales,555,10,0,256.06,0.00,0.0000,0.0180
2026-02-05,C004,ClearAnalytics,Referral,828,62,2,96.66,1499.16,0.0323,0.0749
2026-02-06,C004,ClearAnalytics,SEO,447,1,0,243.25,0.00,0.0000,0.0022
2026-02-06,C004,ClearAnalytics,Paid Search,202,21,0,381.84,0.00,0.0000,0.1040
2026-02-06,C004,ClearAnalytics,Content,501,18,0,143.74,0.00,0.0000,0.0359
2026-02-06,C004,ClearAnalytics,LinkedIn Ads,306,24,0,168.01,0.00,0.0000,0.0784
2026-02-06,C004,ClearAnalytics,Partnerships,119,15,0,132.68,0.00,0.0000,0.1261
2026-02-06,C004,ClearAnalytics,Outbound Sales,389,15,0,244.38,0.00,0.0000,0.0386
2026-02-06,C004,ClearAnalytics,Referral,919,83,2,92.25,1082.79,0.0241,0.0903
2026-02-07,C004,ClearAnalytics,SEO,344,13,1,683.93,502.60,0.0769,0.0378
2026-02-07,C004,ClearAnalytics,Paid Search,490,66,1,1073.57,716.46,0.0152,0.1347
2026-02-07,C004,ClearAnalytics,Content,380,33,1,404.14,629.71,0.0303,0.0868
2026-02-07,C004,ClearAnalytics,LinkedIn Ads,284,14,0,472.37,0.00,0.0000,0.0493
2026-02-07,C004,ClearAnalytics,Partnerships,435,24,1,373.05,646.89,0.0417,0.0552
2026-02-07,C004,ClearAnalytics,Outbound Sales,620,46,1,687.09,521.64,0.0217,0.0742
2026-02-07,C004,ClearAnalytics,Referral,439,21,0,259.37,0.00,0.0000,0.0478
2026-02-08,C004,ClearAnalytics,SEO,292,22,1,730.92,560.70,0.0455,0.0753
2026-02-08,C004,ClearAnalytics,Paid Search,726,79,1,1147.34,574.90,0.0127,0.1088
2026-02-08,C004,ClearAnalytics,Content,446,58,1,431.91,679.70,0.0172,0.1300
2026-02-08,C004,ClearAnalytics,LinkedIn Ads,585,6,0,504.83,0.00,0.0000,0.0103
2026-02-08,C004,ClearAnalytics,Partnerships,563,24,0,398.68,0.00,0.0000,0.0426
2026-02-08,C004,ClearAnalytics,Outbound Sales,638,29,1,734.30,738.07,0.0345,0.0455
2026-02-08,C004,ClearAnalytics,Referral,396,21,1,277.18,535.69,0.0476,0.0530
2026-02-09,C004,ClearAnalytics,SEO,199,8,0,282.30,0.00,0.0000,0.0402
2026-02-09,C004,ClearAnalytics,Paid Search,591,2,0,443.13,0.00,0.0000,0.0034
2026-02-09,C004,ClearAnalytics,Content,317,3,0,166.81,0.00,0.0000,0.0095
2026-02-09,C004,ClearAnalytics,LinkedIn Ads,329,2,0,194.98,0.00,0.0000,0.0061
2026-02-09,C004,ClearAnalytics,Partnerships,146,24,0,153.98,0.00,0.0000,0.1644
2026-02-09,C004,ClearAnalytics,Outbound Sales,428,23,0,283.60,0.00,0.0000,0.0537
2026-02-09,C004,ClearAnalytics,Referral,508,25,2,107.06,1486.95,0.0800,0.0492
2026-02-10,C004,ClearAnalytics,SEO,284,5,0,130.44,0.00,0.0000,0.0176
2026-02-10,C004,ClearAnalytics,Paid Search,381,7,0,204.75,0.00,0.0000,0.0184
2026-02-10,C004,ClearAnalytics,Content,167,21,0,77.08,0.00,0.0000,0.1257
2026-02-10,C004,ClearAnalytics,LinkedIn Ads,469,10,0,90.09,0.00,0.0000,0.0213
2026-02-10,C004,ClearAnalytics,Partnerships,0,0,0,71.15,0.00,0.0000,0.0000
2026-02-10,C004,ClearAnalytics,Outbound Sales,123,7,0,131.04,0.00,0.0000,0.0569
2026-02-10,C004,ClearAnalytics,Referral,272,28,1,49.47,747.71,0.0357,0.1029
2026-02-11,C004,ClearAnalytics,SEO,556,11,0,132.50,0.00,0.0000,0.0198
2026-02-11,C004,ClearAnalytics,Paid Search,234,7,0,207.98,0.00,0.0000,0.0299
2026-02-11,C004,ClearAnalytics,Content,252,8,0,78.29,0.00,0.0000,0.0317
2026-02-11,C004,ClearAnalytics,LinkedIn Ads,514,14,0,91.51,0.00,0.0000,0.0272
2026-02-11,C004,ClearAnalytics,Partnerships,461,20,0,72.27,0.00,0.0000,0.0434
2026-02-11,C004,ClearAnalytics,Outbound Sales,548,14,0,133.11,0.00,0.0000,0.0255
2026-02-11,C004,ClearAnalytics,Referral,389,27,1,50.26,599.45,0.0370,0.0694
2026-02-12,C004,ClearAnalytics,SEO,471,19,0,246.75,0.00,0.0000,0.0403
2026-02-12,C004,ClearAnalytics,Paid Search,414,20,0,387.33,0.00,0.0000,0.0483
2026-02-12,C004,ClearAnalytics,Content,511,9,0,145.81,0.00,0.0000,0.0176
2026-02-12,C004,ClearAnalytics,LinkedIn Ads,534,12,0,170.42,0.00,0.0000,0.0225
2026-02-12,C004,ClearAnalytics,Partnerships,277,21,0,134.59,0.00,0.0000,0.0758
2026-02-12,C004,ClearAnalytics,Outbound Sales,294,12,0,247.89,0.00,0.0000,0.0408
2026-02-12,C004,ClearAnalytics,Referral,689,41,2,93.57,1051.11,0.0488,0.0595
2026-02-13,C004,ClearAnalytics,SEO,512,54,1,414.70,507.60,0.0185,0.1055
2026-02-13,C004,ClearAnalytics,Paid Search,841,106,1,650.96,724.41,0.0094,0.1260
2026-02-13,C004,ClearAnalytics,Content,302,4,0,245.05,0.00,0.0000,0.0132
2026-02-13,C004,ClearAnalytics,LinkedIn Ads,580,14,0,286.42,0.00,0.0000,0.0241
2026-02-13,C004,ClearAnalytics,Partnerships,240,5,0,226.20,0.00,0.0000,0.0208
2026-02-13,C004,ClearAnalytics,Outbound Sales,577,17,0,416.62,0.00,0.0000,0.0295
2026-02-13,C004,ClearAnalytics,Referral,334,41,1,157.27,758.42,0.0244,0.1228
2026-02-14,C004,ClearAnalytics,SEO,105,5,0,143.29,0.00,0.0000,0.0476
2026-02-14,C004,ClearAnalytics,Paid Search,284,18,0,224.92,0.00,0.0000,0.0634
2026-02-14,C004,ClearAnalytics,Content,438,11,0,84.67,0.00,0.0000,0.0251
2026-02-14,C004,ClearAnalytics,LinkedIn Ads,492,9,0,98.97,0.00,0.0000,0.0183
2026-02-14,C004,ClearAnalytics,Partnerships,414,6,0,78.16,0.00,0.0000,0.0145
2026-02-14,C004,ClearAnalytics,Outbound Sales,611,25,0,143.95,0.00,0.0000,0.0409
2026-02-14,C004,ClearAnalytics,Referral,517,40,1,54.33,590.18,0.0250,0.0774
2026-02-15,C004,ClearAnalytics,SEO,344,20,0,297.06,0.00,0.0000,0.0581
2026-02-15,C004,ClearAnalytics,Paid Search,557,8,0,466.30,0.00,0.0000,0.0144
2026-02-15,C004,ClearAnalytics,Content,109,19,0,175.53,0.00,0.0000,0.1743
2026-02-15,C004,ClearAnalytics,LinkedIn Ads,489,12,0,205.17,0.00,0.0000,0.0245
2026-02-15,C004,ClearAnalytics,Partnerships,539,25,0,162.03,0.00,0.0000,0.0464
2026-02-15,C004,ClearAnalytics,Outbound Sales,294,17,0,298.43,0.00,0.0000,0.0578
2026-02-15,C004,ClearAnalytics,Referral,660,86,2,112.65,1025.91,0.0233,0.1303
2026-02-16,C004,ClearAnalytics,SEO,263,2,0,120.64,0.00,0.0000,0.0076
2026-02-16,C004,ClearAnalytics,Paid Search,91,2,0,189.38,0.00,0.0000,0.0220
2026-02-16,C004,ClearAnalytics,Content,241,2,0,71.29,0.00,0.0000,0.0083
2026-02-16,C004,ClearAnalytics,LinkedIn Ads,198,10,0,83.33,0.00,0.0000,0.0505
2026-02-16,C004,ClearAnalytics,Partnerships,272,2,0,65.81,0.00,0.0000,0.0074
2026-02-16,C004,ClearAnalytics,Outbound Sales,302,7,0,121.20,0.00,0.0000,0.0232
2026-02-16,C004,ClearAnalytics,Referral,273,18,1,45.74,542.65,0.0556,0.0659
2026-02-17,C004,ClearAnalytics,SEO,469,45,1,424.64,611.47,0.0222,0.0959
2026-02-17,C004,ClearAnalytics,Paid Search,438,60,1,666.56,529.23,0.0167,0.1370
2026-02-17,C004,ClearAnalytics,Content,179,22,0,250.92,0.00,0.0000,0.1229
2026-02-17,C004,ClearAnalytics,LinkedIn Ads,395,12,0,293.29,0.00,0.0000,0.0304
2026-02-17,C004,ClearAnalytics,Partnerships,337,11,0,231.62,0.00,0.0000,0.0326
2026-02-17,C004,ClearAnalytics,Outbound Sales,269,24,0,426.60,0.00,0.0000,0.0892
2026-02-17,C004,ClearAnalytics,Referral,268,24,1,161.04,506.24,0.0417,0.0896
2026-02-18,C004,ClearAnalytics,SEO,460,10,0,296.66,0.00,0.0000,0.0217
2026-02-18,C004,ClearAnalytics,Paid Search,429,23,0,465.67,0.00,0.0000,0.0536
2026-02-18,C004,ClearAnalytics,Content,604,24,0,175.30,0.00,0.0000,0.0397
2026-02-18,C004,ClearAnalytics,LinkedIn Ads,442,1,0,204.90,0.00,0.0000,0.0023
2026-02-18,C004,ClearAnalytics,Partnerships,566,12,0,161.81,0.00,0.0000,0.0212
2026-02-18,C004,ClearAnalytics,Outbound Sales,521,12,0,298.03,0.00,0.0000,0.0230
2026-02-18,C004,ClearAnalytics,Referral,1024,120,2,112.50,1524.36,0.0167,0.1172
2026-02-19,C004,ClearAnalytics,SEO,307,5,0,144.55,0.00,0.0000,0.0163
2026-02-19,C004,ClearAnalytics,Paid Search,0,0,0,226.90,0.00,0.0000,0.0000
2026-02-19,C004,ClearAnalytics,Content,321,8,0,85.41,0.00,0.0000,0.0249
2026-02-19,C004,ClearAnalytics,LinkedIn Ads,584,5,0,99.84,0.00,0.0000,0.0086
2026-02-19,C004,ClearAnalytics,Partnerships,578,10,0,78.84,0.00,0.0000,0.0173
2026-02-19,C004,ClearAnalytics,Outbound Sales,512,6,0,145.21,0.00,0.0000,0.0117
2026-02-19,C004,ClearAnalytics,Referral,537,54,1,54.82,663.23,0.0185,0.1006
2026-02-20,C004,ClearAnalytics,SEO,462,4,0,121.20,0.00,0.0000,0.0087
2026-02-20,C004,ClearAnalytics,Paid Search,301,7,0,190.26,0.00,0.0000,0.0233
2026-02-20,C004,ClearAnalytics,Content,587,20,0,71.62,0.00,0.0000,0.0341
2026-02-20,C004,ClearAnalytics,LinkedIn Ads,216,6,0,83.71,0.00,0.0000,0.0278
2026-02-20,C004,ClearAnalytics,Partnerships,344,22,0,66.11,0.00,0.0000,0.0640
2026-02-20,C004,ClearAnalytics,Outbound Sales,187,10,0,121.77,0.00,0.0000,0.0535
2026-02-20,C004,ClearAnalytics,Referral,294,20,1,45.97,624.81,0.0500,0.0680
2026-02-21,C004,ClearAnalytics,SEO,234,8,0,126.02,0.00,0.0000,0.0342
2026-02-21,C004,ClearAnalytics,Paid Search,0,0,0,197.82,0.00,0.0000,0.0000
2026-02-21,C004,ClearAnalytics,Content,415,8,0,74.47,0.00,0.0000,0.0193
2026-02-21,C004,ClearAnalytics,LinkedIn Ads,297,25,0,87.04,0.00,0.0000,0.0842
2026-02-21,C004,ClearAnalytics,Partnerships,302,23,0,68.74,0.00,0.0000,0.0762
2026-02-21,C004,ClearAnalytics,Outbound Sales,113,22,0,126.60,0.00,0.0000,0.1947
2026-02-21,C004,ClearAnalytics,Referral,311,20,1,47.79,669.06,0.0500,0.0643
2026-02-22,C004,ClearAnalytics,SEO,553,19,0,297.44,0.00,0.0000,0.0344
2026-02-22,C004,ClearAnalytics,Paid Search,566,22,0,466.91,0.00,0.0000,0.0389
2026-02-22,C004,ClearAnalytics,Content,415,1,0,175.76,0.00,0.0000,0.0024
2026-02-22,C004,ClearAnalytics,LinkedIn Ads,123,17,0,205.44,0.00,0.0000,0.1382
2026-02-22,C004,ClearAnalytics,Partnerships,139,24,0,162.24,0.00,0.0000,0.1727
2026-02-22,C004,ClearAnalytics,Outbound Sales,153,16,0,298.82,0.00,0.0000,0.1046
2026-02-22,C004,ClearAnalytics,Referral,928,80,2,112.81,1056.26,0.0250,0.0862
2026-02-23,C004,ClearAnalytics,SEO,357,15,1,359.64,696.38,0.0667,0.0420
2026-02-23,C004,ClearAnalytics,Paid Search,661,59,1,564.53,707.09,0.0169,0.0893
2026-02-23,C004,ClearAnalytics,Content,545,6,0,212.51,0.00,0.0000,0.0110
2026-02-23,C004,ClearAnalytics,LinkedIn Ads,105,1,0,248.39,0.00,0.0000,0.0095
2026-02-23,C004,ClearAnalytics,Partnerships,325,7,0,196.17,0.00,0.0000,0.0215
2026-02-23,C004,ClearAnalytics,Outbound Sales,497,12,0,361.30,0.00,0.0000,0.0241
2026-02-23,C004,ClearAnalytics,Referral,479,41,1,136.40,686.44,0.0244,0.0856
2026-02-24,C004,ClearAnalytics,SEO,458,2,0,235.82,0.00,0.0000,0.0044
2026-02-24,C004,ClearAnalytics,Paid Search,0,0,0,370.17,0.00,0.0000,0.0000
2026-02-24,C004,ClearAnalytics,Content,493,16,0,139.35,0.00,0.0000,0.0325
2026-02-24,C004,ClearAnalytics,LinkedIn Ads,356,10,0,162.88,0.00,0.0000,0.0281
2026-02-24,C004,ClearAnalytics,Partnerships,515,20,0,128.63,0.00,0.0000,0.0388
2026-02-24,C004,ClearAnalytics,Outbound Sales,290,6,0,236.91,0.00,0.0000,0.0207
2026-02-24,C004,ClearAnalytics,Referral,941,62,2,89.43,1350.55,0.0323,0.0659
2026-02-25,C004,ClearAnalytics,SEO,420,53,1,474.23,549.31,0.0189,0.1262
2026-02-25,C004,ClearAnalytics,Paid Search,405,49,1,744.41,546.43,0.0204,0.1210
2026-02-25,C004,ClearAnalytics,Content,261,12,0,280.23,0.00,0.0000,0.0460
2026-02-25,C004,ClearAnalytics,LinkedIn Ads,355,21,0,327.54,0.00,0.0000,0.0592
2026-02-25,C004,ClearAnalytics,Partnerships,92,1,0,258.67,0.00,0.0000,0.0109
2026-02-25,C004,ClearAnalytics,Outbound Sales,802,60,1,476.42,754.32,0.0167,0.0748
2026-02-25,C004,ClearAnalytics,Referral,279,21,1,179.84,542.14,0.0476,0.0753
2026-02-26,C004,ClearAnalytics,SEO,234,9,0,131.36,0.00,0.0000,0.0385
2026-02-26,C004,ClearAnalytics,Paid Search,209,6,0,206.20,0.00,0.0000,0.0287
2026-02-26,C004,ClearAnalytics,Content,273,15,0,77.62,0.00,0.0000,0.0549
2026-02-26,C004,ClearAnalytics,LinkedIn Ads,377,18,0,90.73,0.00,0.0000,0.0477
2026-02-26,C004,ClearAnalytics,Partnerships,304,4,0,71.65,0.00,0.0000,0.0132
2026-02-26,C004,ClearAnalytics,Outbound Sales,516,14,0,131.97,0.00,0.0000,0.0271
2026-02-26,C004,ClearAnalytics,Referral,253,32,1,49.83,506.95,0.0312,0.1265
2026-02-27,C004,ClearAnalytics,SEO,326,6,0,267.07,0.00,0.0000,0.0184
2026-02-27,C004,ClearAnalytics,Paid Search,543,18,0,419.23,0.00,0.0000,0.0331
2026-02-27,C004,ClearAnalytics,Content,151,23,0,157.82,0.00,0.0000,0.1523
2026-02-27,C004,ClearAnalytics,LinkedIn Ads,264,17,0,184.46,0.00,0.0000,0.0644
2026-02-27,C004,ClearAnalytics,Partnerships,445,10,0,145.68,0.00,0.0000,0.0225
2026-02-27,C004,ClearAnalytics,Outbound Sales,403,24,0,268.31,0.00,0.0000,0.0596
2026-02-27,C004,ClearAnalytics,Referral,903,115,2,101.29,1277.88,0.0174,0.1274
2026-02-28,C004,ClearAnalytics,SEO,272,24,0,147.84,0.00,0.0000,0.0882
2026-02-28,C004,ClearAnalytics,Paid Search,433,4,0,232.07,0.00,0.0000,0.0092
2026-02-28,C004,ClearAnalytics,Content,294,4,0,87.36,0.00,0.0000,0.0136
2026-02-28,C004,ClearAnalytics,LinkedIn Ads,138,16,0,102.11,0.00,0.0000,0.1159
2026-02-28,C004,ClearAnalytics,Partnerships,317,5,0,80.64,0.00,0.0000,0.0158
2026-02-28,C004,ClearAnalytics,Outbound Sales,487,25,0,148.52,0.00,0.0000,0.0513
2026-02-28,C004,ClearAnalytics,Referral,368,38,1,56.07,549.93,0.0263,0.1033
2026-03-01,C004,ClearAnalytics,SEO,296,24,0,120.39,0.00,0.0000,0.0811
2026-03-01,C004,ClearAnalytics,Paid Search,242,15,0,188.98,0.00,0.0000,0.0620
2026-03-01,C004,ClearAnalytics,Content,303,9,0,71.14,0.00,0.0000,0.0297
2026-03-01,C004,ClearAnalytics,LinkedIn Ads,0,0,0,83.15,0.00,0.0000,0.0000
2026-03-01,C004,ClearAnalytics,Partnerships,341,2,0,65.67,0.00,0.0000,0.0059
2026-03-01,C004,ClearAnalytics,Outbound Sales,0,0,0,120.95,0.00,0.0000,0.0000
2026-03-01,C004,ClearAnalytics,Referral,340,25,1,45.67,573.26,0.0400,0.0735
2026-03-02,C004,ClearAnalytics,SEO,122,11,0,137.56,0.00,0.0000,0.0902
2026-03-02,C004,ClearAnalytics,Paid Search,204,24,0,215.94,0.00,0.0000,0.1176
2026-03-02,C004,ClearAnalytics,Content,603,21,0,81.29,0.00,0.0000,0.0348
2026-03-02,C004,ClearAnalytics,LinkedIn Ads,568,2,0,95.01,0.00,0.0000,0.0035
2026-03-02,C004,ClearAnalytics,Partnerships,196,20,0,75.03,0.00,0.0000,0.1020
2026-03-02,C004,ClearAnalytics,Outbound Sales,411,1,0,138.20,0.00,0.0000,0.0024
2026-03-02,C004,ClearAnalytics,Referral,483,60,1,52.17,658.62,0.0167,0.1242
2026-03-03,C004,ClearAnalytics,SEO,401,16,1,561.81,617.16,0.0625,0.0399
2026-03-03,C004,ClearAnalytics,Paid Search,586,77,1,881.88,689.08,0.0130,0.1314
2026-03-03,C004,ClearAnalytics,Content,547,5,0,331.98,0.00,0.0000,0.0091
2026-03-03,C004,ClearAnalytics,LinkedIn Ads,241,3,0,388.03,0.00,0.0000,0.0124
2026-03-03,C004,ClearAnalytics,Partnerships,272,12,0,306.44,0.00,0.0000,0.0441
2026-03-03,C004,ClearAnalytics,Outbound Sales,606,21,0,564.40,0.00,0.0000,0.0347
2026-03-03,C004,ClearAnalytics,Referral,766,83,2,213.05,1035.13,0.0241,0.1084
2026-03-04,C004,ClearAnalytics,SEO,360,39,1,545.94,684.70,0.0256,0.1083
2026-03-04,C004,ClearAnalytics,Paid Search,576,53,1,856.98,620.05,0.0189,0.0920
2026-03-04,C004,ClearAnalytics,Content,171,2,0,322.60,0.00,0.0000,0.0117
2026-03-04,C004,ClearAnalytics,LinkedIn Ads,227,7,0,377.07,0.00,0.0000,0.0308
2026-03-04,C004,ClearAnalytics,Partnerships,476,14,0,297.79,0.00,0.0000,0.0294
2026-03-04,C004,ClearAnalytics,Outbound Sales,1273,132,1,548.46,603.41,0.0076,0.1037
2026-03-04,C004,ClearAnalytics,Referral,417,24,1,207.04,572.31,0.0417,0.0576
2026-03-05,C004,ClearAnalytics,SEO,105,16,0,269.26,0.00,0.0000,0.1524
2026-03-05,C004,ClearAnalytics,Paid Search,313,15,0,422.67,0.00,0.0000,0.0479
2026-03-05,C004,ClearAnalytics,Content,164,12,0,159.11,0.00,0.0000,0.0732
2026-03-05,C004,ClearAnalytics,LinkedIn Ads,571,2,0,185.97,0.00,0.0000,0.0035
2026-03-05,C004,ClearAnalytics,Partnerships,527,24,0,146.87,0.00,0.0000,0.0455
2026-03-05,C004,ClearAnalytics,Outbound Sales,523,1,0,270.51,0.00,0.0000,0.0019
2026-03-05,C004,ClearAnalytics,Referral,692,52,2,102.12,1349.15,0.0385,0.0751
2026-03-06,C004,ClearAnalytics,SEO,288,28,1,441.63,629.93,0.0357,0.0972
2026-03-06,C004,ClearAnalytics,Paid Search,818,83,1,693.24,654.56,0.0120,0.1015
2026-03-06,C004,ClearAnalytics,Content,0,0,0,260.97,0.00,0.0000,0.0000
2026-03-06,C004,ClearAnalytics,LinkedIn Ads,144,24,0,305.03,0.00,0.0000,0.1667
2026-03-06,C004,ClearAnalytics,Partnerships,400,10,0,240.89,0.00,0.0000,0.0250
2026-03-06,C004,ClearAnalytics,Outbound Sales,594,15,0,443.68,0.00,0.0000,0.0253
2026-03-06,C004,ClearAnalytics,Referral,511,54,1,167.48,643.88,0.0185,0.1057
2026-03-07,C004,ClearAnalytics,SEO,161,17,0,121.48,0.00,0.0000,0.1056
2026-03-07,C004,ClearAnalytics,Paid Search,329,16,0,190.69,0.00,0.0000,0.0486
2026-03-07,C004,ClearAnalytics,Content,404,11,0,71.78,0.00,0.0000,0.0272
2026-03-07,C004,ClearAnalytics,LinkedIn Ads,533,19,0,83.90,0.00,0.0000,0.0356
2026-03-07,C004,ClearAnalytics,Partnerships,407,25,0,66.26,0.00,0.0000,0.0614
2026-03-07,C004,ClearAnalytics,Outbound Sales,559,6,0,122.04,0.00,0.0000,0.0107
2026-03-07,C004,ClearAnalytics,Referral,302,33,1,46.08,665.47,0.0303,0.1093
2026-03-08,C004,ClearAnalytics,SEO,399,24,1,369.29,687.07,0.0417,0.0602
2026-03-08,C004,ClearAnalytics,Paid Search,620,43,1,579.68,656.49,0.0233,0.0694
2026-03-08,C004,ClearAnalytics,Content,95,12,0,218.22,0.00,0.0000,0.1263
2026-03-08,C004,ClearAnalytics,LinkedIn Ads,380,17,0,255.06,0.00,0.0000,0.0447
2026-03-08,C004,ClearAnalytics,Partnerships,601,20,0,201.43,0.00,0.0000,0.0333
2026-03-08,C004,ClearAnalytics,Outbound Sales,210,5,0,371.00,0.00,0.0000,0.0238
2026-03-08,C004,ClearAnalytics,Referral,490,19,1,140.04,565.98,0.0526,0.0388
2026-03-09,C004,ClearAnalytics,SEO,159,18,0,149.28,0.00,0.0000,0.1132
2026-03-09,C004,ClearAnalytics,Paid Search,339,13,0,234.34,0.00,0.0000,0.0383
2026-03-09,C004,ClearAnalytics,Content,459,17,0,88.21,0.00,0.0000,0.0370
2026-03-09,C004,ClearAnalytics,LinkedIn Ads,262,7,0,103.11,0.00,0.0000,0.0267
2026-03-09,C004,ClearAnalytics,Partnerships,178,5,0,81.43,0.00,0.0000,0.0281
2026-03-09,C004,ClearAnalytics,Outbound Sales,180,3,0,149.97,0.00,0.0000,0.0167
2026-03-09,C004,ClearAnalytics,Referral,371,22,1,56.62,535.22,0.0455,0.0593
2026-03-10,C004,ClearAnalytics,SEO,423,41,1,375.18,612.47,0.0244,0.0969
2026-03-10,C004,ClearAnalytics,Paid Search,806,62,1,588.93,611.47,0.0161,0.0769
2026-03-10,C004,ClearAnalytics,Content,115,12,0,221.70,0.00,0.0000,0.1043
2026-03-10,C004,ClearAnalytics,LinkedIn Ads,455,25,0,259.13,0.00,0.0000,0.0549
2026-03-10,C004,ClearAnalytics,Partnerships,309,19,0,204.64,0.00,0.0000,0.0615
2026-03-10,C004,ClearAnalytics,Outbound Sales,264,12,0,376.92,0.00,0.0000,0.0455
2026-03-10,C004,ClearAnalytics,Referral,312,21,1,142.28,565.10,0.0476,0.0673
2026-03-11,C004,ClearAnalytics,SEO,166,20,0,147.59,0.00,0.0000,0.1205
2026-03-11,C004,ClearAnalytics,Paid Search,112,12,0,231.68,0.00,0.0000,0.1071
2026-03-11,C004,ClearAnalytics,Content,444,8,0,87.21,0.00,0.0000,0.0180
2026-03-11,C004,ClearAnalytics,LinkedIn Ads,309,5,0,101.94,0.00,0.0000,0.0162
2026-03-11,C004,ClearAnalytics,Partnerships,471,1,0,80.50,0.00,0.0000,0.0021
2026-03-11,C004,ClearAnalytics,Outbound Sales,133,2,0,148.27,0.00,0.0000,0.0150
2026-03-11,C004,ClearAnalytics,Referral,407,25,1,55.98,570.33,0.0400,0.0614
2026-03-12,C004,ClearAnalytics,SEO,406,24,1,374.16,660.61,0.0417,0.0591
2026-03-12,C004,ClearAnalytics,Paid Search,775,98,1,587.32,538.05,0.0102,0.1265
2026-03-12,C004,ClearAnalytics,Content,104,7,0,221.09,0.00,0.0000,0.0673
2026-03-12,C004,ClearAnalytics,LinkedIn Ads,358,3,0,258.42,0.00,0.0000,0.0084
2026-03-12,C004,ClearAnalytics,Partnerships,481,24,0,204.09,0.00,0.0000,0.0499
2026-03-12,C004,ClearAnalytics,Outbound Sales,0,0,0,375.89,0.00,0.0000,0.0000
2026-03-12,C004,ClearAnalytics,Referral,301,19,1,141.89,627.55,0.0526,0.0631
2026-03-13,C004,ClearAnalytics,SEO,322,31,1,399.54,647.64,0.0323,0.0963
2026-03-13,C004,ClearAnalytics,Paid Search,517,27,1,627.17,686.08,0.0370,0.0522
2026-03-13,C004,ClearAnalytics,Content,231,12,0,236.09,0.00,0.0000,0.0519
2026-03-13,C004,ClearAnalytics,LinkedIn Ads,505,12,0,275.96,0.00,0.0000,0.0238
2026-03-13,C004,ClearAnalytics,Partnerships,519,25,0,217.93,0.00,0.0000,0.0482
2026-03-13,C004,ClearAnalytics,Outbound Sales,224,15,0,401.39,0.00,0.0000,0.0670
2026-03-13,C004,ClearAnalytics,Referral,312,30,1,151.53,721.47,0.0333,0.0962
2026-03-14,C004,ClearAnalytics,SEO,396,45,1,508.81,609.55,0.0222,0.1136
2026-03-14,C004,ClearAnalytics,Paid Search,470,59,1,798.69,698.56,0.0169,0.1255
2026-03-14,C004,ClearAnalytics,Content,100,4,0,300.66,0.00,0.0000,0.0400
2026-03-14,C004,ClearAnalytics,LinkedIn Ads,578,22,0,351.42,0.00,0.0000,0.0381
2026-03-14,C004,ClearAnalytics,Partnerships,236,7,0,277.53,0.00,0.0000,0.0297
2026-03-14,C004,ClearAnalytics,Outbound Sales,796,32,1,511.16,740.05,0.0312,0.0402
2026-03-14,C004,ClearAnalytics,Referral,516,65,1,192.96,654.35,0.0154,0.1260
2026-03-15,C004,ClearAnalytics,SEO,403,6,0,149.58,0.00,0.0000,0.0149
2026-03-15,C004,ClearAnalytics,Paid Search,378,22,0,234.79,0.00,0.0000,0.0582
2026-03-15,C004,ClearAnalytics,Content,507,14,0,88.39,0.00,0.0000,0.0276
2026-03-15,C004,ClearAnalytics,LinkedIn Ads,143,11,0,103.31,0.00,0.0000,0.0769
2026-03-15,C004,ClearAnalytics,Partnerships,130,13,0,81.59,0.00,0.0000,0.1000
2026-03-15,C004,ClearAnalytics,Outbound Sales,470,4,0,150.27,0.00,0.0000,0.0085
2026-03-15,C004,ClearAnalytics,Referral,464,51,1,56.71,563.16,0.0196,0.1099
2026-03-16,C004,ClearAnalytics,SEO,262,17,1,520.71,543.16,0.0588,0.0649
2026-03-16,C004,ClearAnalytics,Paid Search,600,73,1,817.37,607.17,0.0137,0.1217
2026-03-16,C004,ClearAnalytics,Content,249,2,0,307.69,0.00,0.0000,0.0080
2026-03-16,C004,ClearAnalytics,LinkedIn Ads,263,14,0,359.64,0.00,0.0000,0.0532
2026-03-16,C004,ClearAnalytics,Partnerships,471,10,0,284.02,0.00,0.0000,0.0212
2026-03-16,C004,ClearAnalytics,Outbound Sales,770,72,1,523.12,580.65,0.0139,0.0935
2026-03-16,C004,ClearAnalytics,Referral,449,40,1,197.48,677.41,0.0250,0.0891
2026-03-17,C004,ClearAnalytics,SEO,373,15,0,275.16,0.00,0.0000,0.0402
2026-03-17,C004,ClearAnalytics,Paid Search,144,12,0,431.93,0.00,0.0000,0.0833
2026-03-17,C004,ClearAnalytics,Content,312,4,0,162.60,0.00,0.0000,0.0128
2026-03-17,C004,ClearAnalytics,LinkedIn Ads,184,4,0,190.05,0.00,0.0000,0.0217
2026-03-17,C004,ClearAnalytics,Partnerships,437,18,0,150.09,0.00,0.0000,0.0412
2026-03-17,C004,ClearAnalytics,Outbound Sales,168,21,0,276.43,0.00,0.0000,0.1250
2026-03-17,C004,ClearAnalytics,Referral,1055,43,2,104.35,1428.14,0.0465,0.0408
2026-03-18,C004,ClearAnalytics,SEO,320,40,1,449.11,745.13,0.0250,0.1250
2026-03-18,C004,ClearAnalytics,Paid Search,502,40,1,704.98,568.49,0.0250,0.0797
2026-03-18,C004,ClearAnalytics,Content,475,10,0,265.38,0.00,0.0000,0.0211
2026-03-18,C004,ClearAnalytics,LinkedIn Ads,522,4,0,310.19,0.00,0.0000,0.0077
2026-03-18,C004,ClearAnalytics,Partnerships,255,20,0,244.97,0.00,0.0000,0.0784
2026-03-18,C004,ClearAnalytics,Outbound Sales,456,11,0,451.18,0.00,0.0000,0.0241
2026-03-18,C004,ClearAnalytics,Referral,276,14,1,170.32,580.52,0.0714,0.0507
2026-03-19,C004,ClearAnalytics,SEO,307,16,1,553.22,716.58,0.0625,0.0521
2026-03-19,C004,ClearAnalytics,Paid Search,528,34,1,868.40,509.34,0.0294,0.0644
2026-03-19,C004,ClearAnalytics,Content,249,8,0,326.90,0.00,0.0000,0.0321
2026-03-19,C004,ClearAnalytics,LinkedIn Ads,392,22,0,382.10,0.00,0.0000,0.0561
2026-03-19,C004,ClearAnalytics,Partnerships,568,25,0,301.76,0.00,0.0000,0.0440
2026-03-19,C004,ClearAnalytics,Outbound Sales,795,86,1,555.78,604.71,0.0116,0.1082
2026-03-19,C004,ClearAnalytics,Referral,529,62,1,209.79,673.09,0.0161,0.1172
2026-03-20,C004,ClearAnalytics,SEO,223,14,0,235.88,0.00,0.0000,0.0628
2026-03-20,C004,ClearAnalytics,Paid Search,342,18,0,370.26,0.00,0.0000,0.0526
2026-03-20,C004,ClearAnalytics,Content,410,21,0,139.38,0.00,0.0000,0.0512
2026-03-20,C004,ClearAnalytics,LinkedIn Ads,485,5,0,162.91,0.00,0.0000,0.0103
2026-03-20,C004,ClearAnalytics,Partnerships,486,8,0,128.66,0.00,0.0000,0.0165
2026-03-20,C004,ClearAnalytics,Outbound Sales,433,22,0,236.97,0.00,0.0000,0.0508
2026-03-20,C004,ClearAnalytics,Referral,989,112,2,89.45,1211.83,0.0179,0.1132
2026-03-21,C004,ClearAnalytics,SEO,188,13,0,141.32,0.00,0.0000,0.0691
2026-03-21,C004,ClearAnalytics,Paid Search,594,7,0,221.83,0.00,0.0000,0.0118
2026-03-21,C004,ClearAnalytics,Content,113,24,0,83.51,0.00,0.0000,0.2124
2026-03-21,C004,ClearAnalytics,LinkedIn Ads,0,0,0,97.61,0.00,0.0000,0.0000
2026-03-21,C004,ClearAnalytics,Partnerships,424,4,0,77.08,0.00,0.0000,0.0094
2026-03-21,C004,ClearAnalytics,Outbound Sales,293,12,0,141.97,0.00,0.0000,0.0410
2026-03-21,C004,ClearAnalytics,Referral,534,63,1,53.59,755.12,0.0159,0.1180
2026-03-22,C004,ClearAnalytics,SEO,169,25,0,132.74,0.00,0.0000,0.1479
2026-03-22,C004,ClearAnalytics,Paid Search,335,19,0,208.36,0.00,0.0000,0.0567
2026-03-22,C004,ClearAnalytics,Content,139,20,0,78.44,0.00,0.0000,0.1439
2026-03-22,C004,ClearAnalytics,LinkedIn Ads,0,0,0,91.68,0.00,0.0000,0.0000
2026-03-22,C004,ClearAnalytics,Partnerships,94,12,0,72.40,0.00,0.0000,0.1277
2026-03-22,C004,ClearAnalytics,Outbound Sales,523,17,0,133.35,0.00,0.0000,0.0325
2026-03-22,C004,ClearAnalytics,Referral,510,57,1,50.33,665.86,0.0175,0.1118
2026-03-23,C004,ClearAnalytics,SEO,323,3,0,151.51,0.00,0.0000,0.0093
2026-03-23,C004,ClearAnalytics,Paid Search,305,20,0,237.83,0.00,0.0000,0.0656
2026-03-23,C004,ClearAnalytics,Content,116,15,0,89.53,0.00,0.0000,0.1293
2026-03-23,C004,ClearAnalytics,LinkedIn Ads,352,9,0,104.65,0.00,0.0000,0.0256
2026-03-23,C004,ClearAnalytics,Partnerships,378,3,0,82.64,0.00,0.0000,0.0079
2026-03-23,C004,ClearAnalytics,Outbound Sales,208,4,0,152.21,0.00,0.0000,0.0192
2026-03-23,C004,ClearAnalytics,Referral,250,25,1,57.46,701.75,0.0400,0.1000
2026-03-24,C004,ClearAnalytics,SEO,573,17,0,287.23,0.00,0.0000,0.0297
2026-03-24,C004,ClearAnalytics,Paid Search,185,11,0,450.87,0.00,0.0000,0.0595
2026-03-24,C004,ClearAnalytics,Content,121,23,0,169.72,0.00,0.0000,0.1901
2026-03-24,C004,ClearAnalytics,LinkedIn Ads,248,2,0,198.38,0.00,0.0000,0.0081
2026-03-24,C004,ClearAnalytics,Partnerships,454,15,0,156.67,0.00,0.0000,0.0330
2026-03-24,C004,ClearAnalytics,Outbound Sales,517,25,0,288.55,0.00,0.0000,0.0484
2026-03-24,C004,ClearAnalytics,Referral,614,62,2,108.93,1302.16,0.0323,0.1010
2026-03-25,C004,ClearAnalytics,SEO,490,14,0,146.07,0.00,0.0000,0.0286
2026-03-25,C004,ClearAnalytics,Paid Search,89,6,0,229.29,0.00,0.0000,0.0674
2026-03-25,C004,ClearAnalytics,Content,515,10,0,86.31,0.00,0.0000,0.0194
2026-03-25,C004,ClearAnalytics,LinkedIn Ads,182,4,0,100.89,0.00,0.0000,0.0220
2026-03-25,C004,ClearAnalytics,Partnerships,443,15,0,79.67,0.00,0.0000,0.0339
2026-03-25,C004,ClearAnalytics,Outbound Sales,406,7,0,146.74,0.00,0.0000,0.0172
2026-03-25,C004,ClearAnalytics,Referral,377,14,1,55.39,504.72,0.0714,0.0371
2026-03-26,C004,ClearAnalytics,SEO,169,13,0,125.75,0.00,0.0000,0.0769
2026-03-26,C004,ClearAnalytics,Paid Search,116,13,0,197.39,0.00,0.0000,0.1121
2026-03-26,C004,ClearAnalytics,Content,186,4,0,74.31,0.00,0.0000,0.0215
2026-03-26,C004,ClearAnalytics,LinkedIn Ads,270,3,0,86.85,0.00,0.0000,0.0111
2026-03-26,C004,ClearAnalytics,Partnerships,170,9,0,68.59,0.00,0.0000,0.0529
2026-03-26,C004,ClearAnalytics,Outbound Sales,393,9,0,126.33,0.00,0.0000,0.0229
2026-03-26,C004,ClearAnalytics,Referral,371,49,1,47.68,742.65,0.0204,0.1321
2026-03-27,C004,ClearAnalytics,SEO,571,3,0,118.47,0.00,0.0000,0.0053
2026-03-27,C004,ClearAnalytics,Paid Search,338,5,0,185.97,0.00,0.0000,0.0148
2026-03-27,C004,ClearAnalytics,Content,100,3,0,70.01,0.00,0.0000,0.0300
2026-03-27,C004,ClearAnalytics,LinkedIn Ads,345,21,0,81.83,0.00,0.0000,0.0609
2026-03-27,C004,ClearAnalytics,Partnerships,297,25,0,64.62,0.00,0.0000,0.0842
2026-03-27,C004,ClearAnalytics,Outbound Sales,289,12,0,119.02,0.00,0.0000,0.0415
2026-03-27,C004,ClearAnalytics,Referral,337,19,1,44.94,602.94,0.0526,0.0564
2026-03-28,C004,ClearAnalytics,SEO,0,0,0,148.01,0.00,0.0000,0.0000
2026-03-28,C004,ClearAnalytics,Paid Search,272,4,0,232.33,0.00,0.0000,0.0147
2026-03-28,C004,ClearAnalytics,Content,143,22,0,87.46,0.00,0.0000,0.1538
2026-03-28,C004,ClearAnalytics,LinkedIn Ads,228,12,0,102.23,0.00,0.0000,0.0526
2026-03-28,C004,ClearAnalytics,Partnerships,199,6,0,80.73,0.00,0.0000,0.0302
2026-03-28,C004,ClearAnalytics,Outbound Sales,234,4,0,148.69,0.00,0.0000,0.0171
2026-03-28,C004,ClearAnalytics,Referral,485,61,1,56.14,758.73,0.0164,0.1258
2026-03-29,C004,ClearAnalytics,SEO,334,6,0,140.02,0.00,0.0000,0.0180
2026-03-29,C004,ClearAnalytics,Paid Search,567,13,0,219.80,0.00,0.0000,0.0229
2026-03-29,C004,ClearAnalytics,Content,392,16,0,82.74,0.00,0.0000,0.0408
2026-03-29,C004,ClearAnalytics,LinkedIn Ads,521,5,0,96.71,0.00,0.0000,0.0096
2026-03-29,C004,ClearAnalytics,Partnerships,450,14,0,76.38,0.00,0.0000,0.0311
2026-03-29,C004,ClearAnalytics,Outbound Sales,494,15,0,140.67,0.00,0.0000,0.0304
2026-03-29,C004,ClearAnalytics,Referral,394,31,1,53.11,494.32,0.0323,0.0787
2026-03-30,C004,ClearAnalytics,SEO,482,23,0,300.18,0.00,0.0000,0.0477
2026-03-30,C004,ClearAnalytics,Paid Search,422,25,0,471.19,0.00,0.0000,0.0592
2026-03-30,C004,ClearAnalytics,Content,376,7,0,177.38,0.00,0.0000,0.0186
2026-03-30,C004,ClearAnalytics,LinkedIn Ads,286,19,0,207.33,0.00,0.0000,0.0664
2026-03-30,C004,ClearAnalytics,Partnerships,519,10,0,163.73,0.00,0.0000,0.0193
2026-03-30,C004,ClearAnalytics,Outbound Sales,524,9,0,301.56,0.00,0.0000,0.0172
2026-03-30,C004,ClearAnalytics,Referral,982,94,2,113.84,1200.60,0.0213,0.0957
2026-03-31,C004,ClearAnalytics,SEO,308,18,1,360.09,725.84,0.0556,0.0584
2026-03-31,C004,ClearAnalytics,Paid Search,764,69,1,565.23,552.27,0.0145,0.0903
2026-03-31,C004,ClearAnalytics,Content,238,18,0,212.78,0.00,0.0000,0.0756
2026-03-31,C004,ClearAnalytics,LinkedIn Ads,177,23,0,248.70,0.00,0.0000,0.1299
2026-03-31,C004,ClearAnalytics,Partnerships,306,7,0,196.41,0.00,0.0000,0.0229
2026-03-31,C004,ClearAnalytics,Outbound Sales,216,13,0,361.75,0.00,0.0000,0.0602
2026-03-31,C004,ClearAnalytics,Referral,442,56,1,136.56,515.35,0.0179,0.1267
2026-01-01,C005,VectorFlow,SEO,473,63,1,225.34,228.75,0.0159,0.1332
2026-01-01,C005,VectorFlow,Paid Search,659,68,1,315.90,314.68,0.0147,0.1032
2026-01-01,C005,VectorFlow,Content,396,55,1,238.60,274.90,0.0182,0.1389
2026-01-01,C005,VectorFlow,LinkedIn Ads,442,42,1,193.05,258.06,0.0238,0.0950
2026-01-01,C005,VectorFlow,Partnerships,567,41,1,159.06,293.04,0.0244,0.0723
2026-01-01,C005,VectorFlow,Outbound Sales,119,18,0,210.60,0.00,0.0000,0.1513
2026-01-01,C005,VectorFlow,Referral,133,7,0,184.69,0.00,0.0000,0.0526
2026-01-02,C005,VectorFlow,SEO,292,3,0,143.20,0.00,0.0000,0.0103
2026-01-02,C005,VectorFlow,Paid Search,765,93,1,200.76,242.53,0.0108,0.1216
2026-01-02,C005,VectorFlow,Content,0,0,0,151.63,0.00,0.0000,0.0000
2026-01-02,C005,VectorFlow,LinkedIn Ads,204,13,0,122.69,0.00,0.0000,0.0637
2026-01-02,C005,VectorFlow,Partnerships,327,13,0,101.09,0.00,0.0000,0.0398
2026-01-02,C005,VectorFlow,Outbound Sales,438,21,0,133.84,0.00,0.0000,0.0479
2026-01-02,C005,VectorFlow,Referral,594,82,2,117.36,612.26,0.0244,0.1380
2026-01-03,C005,VectorFlow,SEO,123,23,0,157.49,0.00,0.0000,0.1870
2026-01-03,C005,VectorFlow,Paid Search,200,2,0,220.78,0.00,0.0000,0.0100
2026-01-03,C005,VectorFlow,Content,212,17,0,166.75,0.00,0.0000,0.0802
2026-01-03,C005,VectorFlow,LinkedIn Ads,138,4,0,134.92,0.00,0.0000,0.0290
2026-01-03,C005,VectorFlow,Partnerships,601,1,0,111.17,0.00,0.0000,0.0017
2026-01-03,C005,VectorFlow,Outbound Sales,429,2,0,147.19,0.00,0.0000,0.0047
2026-01-03,C005,VectorFlow,Referral,834,52,3,129.06,720.89,0.0577,0.0624
2026-01-04,C005,VectorFlow,SEO,316,32,1,133.49,241.76,0.0312,0.1013
2026-01-04,C005,VectorFlow,Paid Search,602,61,1,187.14,315.82,0.0164,0.1013
2026-01-04,C005,VectorFlow,Content,120,10,0,141.35,0.00,0.0000,0.0833
2026-01-04,C005,VectorFlow,LinkedIn Ads,0,0,0,114.37,0.00,0.0000,0.0000
2026-01-04,C005,VectorFlow,Partnerships,186,23,0,94.23,0.00,0.0000,0.1237
2026-01-04,C005,VectorFlow,Outbound Sales,485,25,0,124.76,0.00,0.0000,0.0515
2026-01-04,C005,VectorFlow,Referral,439,60,1,109.41,313.50,0.0167,0.1367
2026-01-05,C005,VectorFlow,SEO,336,22,1,207.85,233.88,0.0455,0.0655
2026-01-05,C005,VectorFlow,Paid Search,688,65,1,291.39,259.26,0.0154,0.0945
2026-01-05,C005,VectorFlow,Content,480,25,1,220.08,259.48,0.0400,0.0521
2026-01-05,C005,VectorFlow,LinkedIn Ads,600,1,0,178.07,0.00,0.0000,0.0017
2026-01-05,C005,VectorFlow,Partnerships,339,8,0,146.72,0.00,0.0000,0.0236
2026-01-05,C005,VectorFlow,Outbound Sales,241,8,0,194.26,0.00,0.0000,0.0332
2026-01-05,C005,VectorFlow,Referral,418,24,1,170.36,323.35,0.0417,0.0574
2026-01-06,C005,VectorFlow,SEO,145,23,0,42.52,0.00,0.0000,0.1586
2026-01-06,C005,VectorFlow,Paid Search,507,7,0,59.61,0.00,0.0000,0.0138
2026-01-06,C005,VectorFlow,Content,0,0,0,45.02,0.00,0.0000,0.0000
2026-01-06,C005,VectorFlow,LinkedIn Ads,285,16,0,36.43,0.00,0.0000,0.0561
2026-01-06,C005,VectorFlow,Partnerships,350,12,0,30.01,0.00,0.0000,0.0343
2026-01-06,C005,VectorFlow,Outbound Sales,0,0,0,39.74,0.00,0.0000,0.0000
2026-01-06,C005,VectorFlow,Referral,469,63,1,34.84,245.48,0.0159,0.1343
2026-01-07,C005,VectorFlow,SEO,479,43,1,242.15,273.38,0.0233,0.0898
2026-01-07,C005,VectorFlow,Paid Search,723,36,1,339.46,300.92,0.0278,0.0498
2026-01-07,C005,VectorFlow,Content,301,28,1,256.39,306.94,0.0357,0.0930
2026-01-07,C005,VectorFlow,LinkedIn Ads,226,13,0,207.45,0.00,0.0000,0.0575
2026-01-07,C005,VectorFlow,Partnerships,653,37,1,170.93,343.83,0.0270,0.0567
2026-01-07,C005,VectorFlow,Outbound Sales,914,35,1,226.31,259.81,0.0286,0.0383
2026-01-07,C005,VectorFlow,Referral,473,11,0,198.45,0.00,0.0000,0.0233
2026-01-08,C005,VectorFlow,SEO,285,9,0,134.40,0.00,0.0000,0.0316
2026-01-08,C005,VectorFlow,Paid Search,411,18,1,188.41,261.84,0.0556,0.0438
2026-01-08,C005,VectorFlow,Content,508,45,1,142.30,286.63,0.0222,0.0886
2026-01-08,C005,VectorFlow,LinkedIn Ads,338,11,0,115.14,0.00,0.0000,0.0325
2026-01-08,C005,VectorFlow,Partnerships,227,10,0,94.87,0.00,0.0000,0.0441
2026-01-08,C005,VectorFlow,Outbound Sales,377,1,0,125.61,0.00,0.0000,0.0027
2026-01-08,C005,VectorFlow,Referral,267,33,1,110.15,248.89,0.0303,0.1236
2026-01-09,C005,VectorFlow,SEO,426,54,1,177.44,272.76,0.0185,0.1268
2026-01-09,C005,VectorFlow,Paid Search,467,21,1,248.75,312.50,0.0476,0.0450
2026-01-09,C005,VectorFlow,Content,389,49,1,187.87,291.55,0.0204,0.1260
2026-01-09,C005,VectorFlow,LinkedIn Ads,302,20,0,152.01,0.00,0.0000,0.0662
2026-01-09,C005,VectorFlow,Partnerships,497,1,0,125.25,0.00,0.0000,0.0020
2026-01-09,C005,VectorFlow,Outbound Sales,616,19,0,165.83,0.00,0.0000,0.0308
2026-01-09,C005,VectorFlow,Referral,538,74,1,145.42,281.17,0.0135,0.1375
2026-01-10,C005,VectorFlow,SEO,0,0,0,52.84,0.00,0.0000,0.0000
2026-01-10,C005,VectorFlow,Paid Search,213,3,0,74.08,0.00,0.0000,0.0141
2026-01-10,C005,VectorFlow,Content,573,10,0,55.95,0.00,0.0000,0.0175
2026-01-10,C005,VectorFlow,LinkedIn Ads,221,19,0,45.27,0.00,0.0000,0.0860
2026-01-10,C005,VectorFlow,Partnerships,319,21,0,37.30,0.00,0.0000,0.0658
2026-01-10,C005,VectorFlow,Outbound Sales,400,2,0,49.38,0.00,0.0000,0.0050
2026-01-10,C005,VectorFlow,Referral,492,62,1,43.31,320.11,0.0161,0.1260
2026-01-11,C005,VectorFlow,SEO,521,24,0,93.85,0.00,0.0000,0.0461
2026-01-11,C005,VectorFlow,Paid Search,616,19,0,131.57,0.00,0.0000,0.0308
2026-01-11,C005,VectorFlow,Content,176,2,0,99.37,0.00,0.0000,0.0114
2026-01-11,C005,VectorFlow,LinkedIn Ads,501,4,0,80.40,0.00,0.0000,0.0080
2026-01-11,C005,VectorFlow,Partnerships,450,25,0,66.25,0.00,0.0000,0.0556
2026-01-11,C005,VectorFlow,Outbound Sales,150,23,0,87.71,0.00,0.0000,0.1533
2026-01-11,C005,VectorFlow,Referral,557,63,2,76.93,642.34,0.0317,0.1131
2026-01-12,C005,VectorFlow,SEO,189,19,0,163.32,0.00,0.0000,0.1005
2026-01-12,C005,VectorFlow,Paid Search,585,62,1,228.96,263.42,0.0161,0.1060
2026-01-12,C005,VectorFlow,Content,279,14,1,172.93,255.09,0.0714,0.0502
2026-01-12,C005,VectorFlow,LinkedIn Ads,284,17,0,139.92,0.00,0.0000,0.0599
2026-01-12,C005,VectorFlow,Partnerships,250,24,0,115.29,0.00,0.0000,0.0960
2026-01-12,C005,VectorFlow,Outbound Sales,199,1,0,152.64,0.00,0.0000,0.0050
2026-01-12,C005,VectorFlow,Referral,518,18,1,133.85,346.89,0.0556,0.0347
2026-01-13,C005,VectorFlow,SEO,470,42,1,158.48,228.99,0.0238,0.0894
2026-01-13,C005,VectorFlow,Paid Search,185,1,0,222.17,0.00,0.0000,0.0054
2026-01-13,C005,VectorFlow,Content,458,45,1,167.80,286.90,0.0222,0.0983
2026-01-13,C005,VectorFlow,LinkedIn Ads,381,9,0,135.77,0.00,0.0000,0.0236
2026-01-13,C005,VectorFlow,Partnerships,257,8,0,111.87,0.00,0.0000,0.0311
2026-01-13,C005,VectorFlow,Outbound Sales,477,13,0,148.11,0.00,0.0000,0.0273
2026-01-13,C005,VectorFlow,Referral,447,54,1,129.89,299.12,0.0185,0.1208
2026-01-14,C005,VectorFlow,SEO,471,17,0,54.33,0.00,0.0000,0.0361
2026-01-14,C005,VectorFlow,Paid Search,203,18,0,76.16,0.00,0.0000,0.0887
2026-01-14,C005,VectorFlow,Content,304,25,0,57.52,0.00,0.0000,0.0822
2026-01-14,C005,VectorFlow,LinkedIn Ads,333,25,0,46.54,0.00,0.0000,0.0751
2026-01-14,C005,VectorFlow,Partnerships,153,17,0,38.35,0.00,0.0000,0.1111
2026-01-14,C005,VectorFlow,Outbound Sales,212,12,0,50.77,0.00,0.0000,0.0566
2026-01-14,C005,VectorFlow,Referral,375,48,1,44.53,278.69,0.0208,0.1280
2026-01-15,C005,VectorFlow,SEO,469,19,0,153.22,0.00,0.0000,0.0405
2026-01-15,C005,VectorFlow,Paid Search,649,67,1,214.80,318.24,0.0149,0.1032
2026-01-15,C005,VectorFlow,Content,544,66,1,162.23,343.73,0.0152,0.1213
2026-01-15,C005,VectorFlow,LinkedIn Ads,546,22,0,131.26,0.00,0.0000,0.0403
2026-01-15,C005,VectorFlow,Partnerships,465,18,0,108.15,0.00,0.0000,0.0387
2026-01-15,C005,VectorFlow,Outbound Sales,488,17,0,143.20,0.00,0.0000,0.0348
2026-01-15,C005,VectorFlow,Referral,353,35,1,125.58,225.07,0.0286,0.0992
2026-01-16,C005,VectorFlow,SEO,442,18,0,50.58,0.00,0.0000,0.0407
2026-01-16,C005,VectorFlow,Paid Search,496,8,0,70.91,0.00,0.0000,0.0161
2026-01-16,C005,VectorFlow,Content,374,16,0,53.56,0.00,0.0000,0.0428
2026-01-16,C005,VectorFlow,LinkedIn Ads,324,15,0,43.33,0.00,0.0000,0.0463
2026-01-16,C005,VectorFlow,Partnerships,156,12,0,35.71,0.00,0.0000,0.0769
2026-01-16,C005,VectorFlow,Outbound Sales,162,6,0,47.27,0.00,0.0000,0.0370
2026-01-16,C005,VectorFlow,Referral,307,30,1,41.46,229.22,0.0333,0.0977
2026-01-17,C005,VectorFlow,SEO,431,53,1,181.74,230.02,0.0189,0.1230
2026-01-17,C005,VectorFlow,Paid Search,485,49,1,254.78,332.66,0.0204,0.1010
2026-01-17,C005,VectorFlow,Content,442,44,1,192.43,314.85,0.0227,0.0995
2026-01-17,C005,VectorFlow,LinkedIn Ads,546,15,0,155.70,0.00,0.0000,0.0275
2026-01-17,C005,VectorFlow,Partnerships,237,14,0,128.29,0.00,0.0000,0.0591
2026-01-17,C005,VectorFlow,Outbound Sales,436,4,0,169.85,0.00,0.0000,0.0092
2026-01-17,C005,VectorFlow,Referral,489,55,1,148.94,314.22,0.0182,0.1125
2026-01-18,C005,VectorFlow,SEO,529,25,1,217.34,256.29,0.0400,0.0473
2026-01-18,C005,VectorFlow,Paid Search,651,59,1,304.69,345.02,0.0169,0.0906
2026-01-18,C005,VectorFlow,Content,386,17,1,230.13,343.00,0.0588,0.0440
2026-01-18,C005,VectorFlow,LinkedIn Ads,501,11,0,186.20,0.00,0.0000,0.0220
2026-01-18,C005,VectorFlow,Partnerships,189,5,0,153.42,0.00,0.0000,0.0265
2026-01-18,C005,VectorFlow,Outbound Sales,336,13,0,203.13,0.00,0.0000,0.0387
2026-01-18,C005,VectorFlow,Referral,543,37,1,178.13,285.44,0.0270,0.0681
2026-01-19,C005,VectorFlow,SEO,138,8,0,44.66,0.00,0.0000,0.0580
2026-01-19,C005,VectorFlow,Paid Search,393,12,0,62.61,0.00,0.0000,0.0305
2026-01-19,C005,VectorFlow,Content,323,1,0,47.29,0.00,0.0000,0.0031
2026-01-19,C005,VectorFlow,LinkedIn Ads,207,17,0,38.26,0.00,0.0000,0.0821
2026-01-19,C005,VectorFlow,Partnerships,270,16,0,31.53,0.00,0.0000,0.0593
2026-01-19,C005,VectorFlow,Outbound Sales,281,15,0,41.74,0.00,0.0000,0.0534
2026-01-19,C005,VectorFlow,Referral,308,27,1,36.61,244.75,0.0370,0.0877
2026-01-20,C005,VectorFlow,SEO,335,7,0,51.16,0.00,0.0000,0.0209
2026-01-20,C005,VectorFlow,Paid Search,508,10,0,71.72,0.00,0.0000,0.0197
2026-01-20,C005,VectorFlow,Content,0,0,0,54.17,0.00,0.0000,0.0000
2026-01-20,C005,VectorFlow,LinkedIn Ads,213,12,0,43.83,0.00,0.0000,0.0563
2026-01-20,C005,VectorFlow,Partnerships,501,7,0,36.11,0.00,0.0000,0.0140
2026-01-20,C005,VectorFlow,Outbound Sales,106,24,0,47.81,0.00,0.0000,0.2264
2026-01-20,C005,VectorFlow,Referral,293,30,1,41.93,245.86,0.0333,0.1024
2026-01-21,C005,VectorFlow,SEO,548,10,0,108.93,0.00,0.0000,0.0182
2026-01-21,C005,VectorFlow,Paid Search,260,2,0,152.71,0.00,0.0000,0.0077
2026-01-21,C005,VectorFlow,Content,134,14,0,115.34,0.00,0.0000,0.1045
2026-01-21,C005,VectorFlow,LinkedIn Ads,394,19,0,93.32,0.00,0.0000,0.0482
2026-01-21,C005,VectorFlow,Partnerships,419,1,0,76.89,0.00,0.0000,0.0024
2026-01-21,C005,VectorFlow,Outbound Sales,540,17,0,101.80,0.00,0.0000,0.0315
2026-01-21,C005,VectorFlow,Referral,858,92,2,89.28,689.73,0.0217,0.1072
2026-01-22,C005,VectorFlow,SEO,372,2,0,105.23,0.00,0.0000,0.0054
2026-01-22,C005,VectorFlow,Paid Search,140,24,0,147.52,0.00,0.0000,0.1714
2026-01-22,C005,VectorFlow,Content,508,17,0,111.42,0.00,0.0000,0.0335
2026-01-22,C005,VectorFlow,LinkedIn Ads,111,5,0,90.15,0.00,0.0000,0.0450
2026-01-22,C005,VectorFlow,Partnerships,164,19,0,74.28,0.00,0.0000,0.1159
2026-01-22,C005,VectorFlow,Outbound Sales,488,15,0,98.35,0.00,0.0000,0.0307
2026-01-22,C005,VectorFlow,Referral,1014,96,2,86.25,573.41,0.0208,0.0947
2026-01-23,C005,VectorFlow,SEO,430,25,0,137.86,0.00,0.0000,0.0581
2026-01-23,C005,VectorFlow,Paid Search,348,25,0,193.26,0.00,0.0000,0.0718
2026-01-23,C005,VectorFlow,Content,514,53,1,145.97,318.06,0.0189,0.1031
2026-01-23,C005,VectorFlow,LinkedIn Ads,133,14,0,118.10,0.00,0.0000,0.1053
2026-01-23,C005,VectorFlow,Partnerships,454,24,0,97.31,0.00,0.0000,0.0529
2026-01-23,C005,VectorFlow,Outbound Sales,497,14,0,128.84,0.00,0.0000,0.0282
2026-01-23,C005,VectorFlow,Referral,711,85,2,112.98,493.03,0.0235,0.1195
2026-01-24,C005,VectorFlow,SEO,486,59,1,153.79,331.96,0.0169,0.1214
2026-01-24,C005,VectorFlow,Paid Search,431,3,0,215.59,0.00,0.0000,0.0070
2026-01-24,C005,VectorFlow,Content,430,5,0,162.83,0.00,0.0000,0.0116
2026-01-24,C005,VectorFlow,LinkedIn Ads,263,12,0,131.75,0.00,0.0000,0.0456
2026-01-24,C005,VectorFlow,Partnerships,329,22,0,108.56,0.00,0.0000,0.0669
2026-01-24,C005,VectorFlow,Outbound Sales,204,16,0,143.73,0.00,0.0000,0.0784
2026-01-24,C005,VectorFlow,Referral,734,53,2,126.05,569.35,0.0377,0.0722
2026-01-25,C005,VectorFlow,SEO,356,9,0,92.01,0.00,0.0000,0.0253
2026-01-25,C005,VectorFlow,Paid Search,177,21,0,128.99,0.00,0.0000,0.1186
2026-01-25,C005,VectorFlow,Content,284,1,0,97.42,0.00,0.0000,0.0035
2026-01-25,C005,VectorFlow,LinkedIn Ads,169,1,0,78.83,0.00,0.0000,0.0059
2026-01-25,C005,VectorFlow,Partnerships,204,14,0,64.95,0.00,0.0000,0.0686
2026-01-25,C005,VectorFlow,Outbound Sales,310,11,0,85.99,0.00,0.0000,0.0355
2026-01-25,C005,VectorFlow,Referral,785,97,2,75.42,470.85,0.0206,0.1236
2026-01-26,C005,VectorFlow,SEO,211,20,0,126.30,0.00,0.0000,0.0948
2026-01-26,C005,VectorFlow,Paid Search,441,51,1,177.06,280.53,0.0196,0.1156
2026-01-26,C005,VectorFlow,Content,534,25,1,133.73,288.95,0.0400,0.0468
2026-01-26,C005,VectorFlow,LinkedIn Ads,593,24,0,108.20,0.00,0.0000,0.0405
2026-01-26,C005,VectorFlow,Partnerships,453,17,0,89.15,0.00,0.0000,0.0375
2026-01-26,C005,VectorFlow,Outbound Sales,543,25,0,118.04,0.00,0.0000,0.0460
2026-01-26,C005,VectorFlow,Referral,536,67,1,103.53,286.78,0.0149,0.1250
2026-01-27,C005,VectorFlow,SEO,376,10,0,137.04,0.00,0.0000,0.0266
2026-01-27,C005,VectorFlow,Paid Search,429,25,0,192.12,0.00,0.0000,0.0583
2026-01-27,C005,VectorFlow,Content,336,29,1,145.10,343.48,0.0345,0.0863
2026-01-27,C005,VectorFlow,LinkedIn Ads,433,13,0,117.40,0.00,0.0000,0.0300
2026-01-27,C005,VectorFlow,Partnerships,398,4,0,96.73,0.00,0.0000,0.0101
2026-01-27,C005,VectorFlow,Outbound Sales,221,7,0,128.08,0.00,0.0000,0.0317
2026-01-27,C005,VectorFlow,Referral,995,138,2,112.32,647.11,0.0145,0.1387
2026-01-28,C005,VectorFlow,SEO,283,17,0,138.61,0.00,0.0000,0.0601
2026-01-28,C005,VectorFlow,Paid Search,491,19,0,194.31,0.00,0.0000,0.0387
2026-01-28,C005,VectorFlow,Content,465,23,1,146.76,347.55,0.0435,0.0495
2026-01-28,C005,VectorFlow,LinkedIn Ads,393,14,0,118.75,0.00,0.0000,0.0356
2026-01-28,C005,VectorFlow,Partnerships,267,16,0,97.84,0.00,0.0000,0.0599
2026-01-28,C005,VectorFlow,Outbound Sales,263,6,0,129.54,0.00,0.0000,0.0228
2026-01-28,C005,VectorFlow,Referral,984,45,2,113.61,494.22,0.0444,0.0457
2026-01-29,C005,VectorFlow,SEO,341,15,1,210.21,315.89,0.0667,0.0440
2026-01-29,C005,VectorFlow,Paid Search,649,51,1,294.69,243.31,0.0196,0.0786
2026-01-29,C005,VectorFlow,Content,388,14,1,222.57,319.49,0.0714,0.0361
2026-01-29,C005,VectorFlow,LinkedIn Ads,270,5,0,180.09,0.00,0.0000,0.0185
2026-01-29,C005,VectorFlow,Partnerships,363,11,0,148.38,0.00,0.0000,0.0303
2026-01-29,C005,VectorFlow,Outbound Sales,235,10,0,196.46,0.00,0.0000,0.0426
2026-01-29,C005,VectorFlow,Referral,403,46,1,172.29,316.35,0.0217,0.1141
2026-01-30,C005,VectorFlow,SEO,563,3,0,43.19,0.00,0.0000,0.0053
2026-01-30,C005,VectorFlow,Paid Search,324,22,0,60.55,0.00,0.0000,0.0679
2026-01-30,C005,VectorFlow,Content,0,0,0,45.73,0.00,0.0000,0.0000
2026-01-30,C005,VectorFlow,LinkedIn Ads,318,19,0,37.00,0.00,0.0000,0.0597
2026-01-30,C005,VectorFlow,Partnerships,439,25,0,30.49,0.00,0.0000,0.0569
2026-01-30,C005,VectorFlow,Outbound Sales,244,17,0,40.37,0.00,0.0000,0.0697
2026-01-30,C005,VectorFlow,Referral,299,30,1,35.41,344.25,0.0333,0.1003
2026-01-31,C005,VectorFlow,SEO,330,24,1,137.86,304.13,0.0417,0.0727
2026-01-31,C005,VectorFlow,Paid Search,823,47,1,193.26,272.55,0.0213,0.0571
2026-01-31,C005,VectorFlow,Content,598,8,0,145.97,0.00,0.0000,0.0134
2026-01-31,C005,VectorFlow,LinkedIn Ads,547,18,0,118.11,0.00,0.0000,0.0329
2026-01-31,C005,VectorFlow,Partnerships,342,10,0,97.31,0.00,0.0000,0.0292
2026-01-31,C005,VectorFlow,Outbound Sales,218,23,0,128.84,0.00,0.0000,0.1055
2026-01-31,C005,VectorFlow,Referral,462,55,1,112.99,295.97,0.0182,0.1190
2026-02-01,C005,VectorFlow,SEO,478,25,0,43.79,0.00,0.0000,0.0523
2026-02-01,C005,VectorFlow,Paid Search,123,5,0,61.39,0.00,0.0000,0.0407
2026-02-01,C005,VectorFlow,Content,577,21,0,46.36,0.00,0.0000,0.0364
2026-02-01,C005,VectorFlow,LinkedIn Ads,467,6,0,37.51,0.00,0.0000,0.0128
2026-02-01,C005,VectorFlow,Partnerships,122,1,0,30.91,0.00,0.0000,0.0082
2026-02-01,C005,VectorFlow,Outbound Sales,183,20,0,40.92,0.00,0.0000,0.1093
2026-02-01,C005,VectorFlow,Referral,506,48,1,35.89,280.98,0.0208,0.0949
2026-02-02,C005,VectorFlow,SEO,256,24,0,52.94,0.00,0.0000,0.0938
2026-02-02,C005,VectorFlow,Paid Search,459,23,0,74.22,0.00,0.0000,0.0501
2026-02-02,C005,VectorFlow,Content,300,23,0,56.06,0.00,0.0000,0.0767
2026-02-02,C005,VectorFlow,LinkedIn Ads,179,15,0,45.36,0.00,0.0000,0.0838
2026-02-02,C005,VectorFlow,Partnerships,491,4,0,37.37,0.00,0.0000,0.0081
2026-02-02,C005,VectorFlow,Outbound Sales,554,3,0,49.48,0.00,0.0000,0.0054
2026-02-02,C005,VectorFlow,Referral,475,23,1,43.39,299.26,0.0435,0.0484
2026-02-03,C005,VectorFlow,SEO,135,23,0,140.99,0.00,0.0000,0.1704
2026-02-03,C005,VectorFlow,Paid Search,717,94,1,197.66,278.15,0.0106,0.1311
2026-02-03,C005,VectorFlow,Content,123,6,0,149.29,0.00,0.0000,0.0488
2026-02-03,C005,VectorFlow,LinkedIn Ads,0,0,0,120.79,0.00,0.0000,0.0000
2026-02-03,C005,VectorFlow,Partnerships,210,24,0,99.53,0.00,0.0000,0.1143
2026-02-03,C005,VectorFlow,Outbound Sales,0,0,0,131.77,0.00,0.0000,0.0000
2026-02-03,C005,VectorFlow,Referral,909,91,2,115.56,677.90,0.0220,0.1001
2026-02-04,C005,VectorFlow,SEO,362,19,1,174.41,247.51,0.0526,0.0525
2026-02-04,C005,VectorFlow,Paid Search,877,62,1,244.50,328.62,0.0161,0.0707
2026-02-04,C005,VectorFlow,Content,472,48,1,184.67,340.05,0.0208,0.1017
2026-02-04,C005,VectorFlow,LinkedIn Ads,612,24,0,149.42,0.00,0.0000,0.0392
2026-02-04,C005,VectorFlow,Partnerships,366,4,0,123.11,0.00,0.0000,0.0109
2026-02-04,C005,VectorFlow,Outbound Sales,406,12,0,163.00,0.00,0.0000,0.0296
2026-02-04,C005,VectorFlow,Referral,289,35,1,142.96,341.41,0.0286,0.1211
2026-02-05,C005,VectorFlow,SEO,376,27,1,272.19,283.38,0.0370,0.0718
2026-02-05,C005,VectorFlow,Paid Search,533,27,1,381.59,230.92,0.0370,0.0507
2026-02-05,C005,VectorFlow,Content,539,43,1,288.20,226.01,0.0233,0.0798
2026-02-05,C005,VectorFlow,LinkedIn Ads,209,20,0,233.19,0.00,0.0000,0.0957
2026-02-05,C005,VectorFlow,Partnerships,814,99,1,192.14,302.51,0.0101,0.1216
2026-02-05,C005,VectorFlow,Outbound Sales,1083,136,1,254.39,254.55,0.0074,0.1256
2026-02-05,C005,VectorFlow,Referral,600,12,0,223.09,0.00,0.0000,0.0200
2026-02-06,C005,VectorFlow,SEO,460,24,0,155.59,0.00,0.0000,0.0522
2026-02-06,C005,VectorFlow,Paid Search,482,29,1,218.12,328.86,0.0345,0.0602
2026-02-06,C005,VectorFlow,Content,0,0,0,164.74,0.00,0.0000,0.0000
2026-02-06,C005,VectorFlow,LinkedIn Ads,221,16,0,133.30,0.00,0.0000,0.0724
2026-02-06,C005,VectorFlow,Partnerships,332,17,0,109.83,0.00,0.0000,0.0512
2026-02-06,C005,VectorFlow,Outbound Sales,518,5,0,145.41,0.00,0.0000,0.0097
2026-02-06,C005,VectorFlow,Referral,826,73,2,127.53,628.89,0.0274,0.0884
2026-02-07,C005,VectorFlow,SEO,282,2,0,105.79,0.00,0.0000,0.0071
2026-02-07,C005,VectorFlow,Paid Search,336,22,0,148.31,0.00,0.0000,0.0655
2026-02-07,C005,VectorFlow,Content,378,16,0,112.02,0.00,0.0000,0.0423
2026-02-07,C005,VectorFlow,LinkedIn Ads,111,6,0,90.63,0.00,0.0000,0.0541
2026-02-07,C005,VectorFlow,Partnerships,464,21,0,74.68,0.00,0.0000,0.0453
2026-02-07,C005,VectorFlow,Outbound Sales,209,6,0,98.87,0.00,0.0000,0.0287
2026-02-07,C005,VectorFlow,Referral,700,97,2,86.72,665.40,0.0206,0.1386
2026-02-08,C005,VectorFlow,SEO,539,12,0,160.63,0.00,0.0000,0.0223
2026-02-08,C005,VectorFlow,Paid Search,570,4,0,225.19,0.00,0.0000,0.0070
2026-02-08,C005,VectorFlow,Content,401,3,0,170.08,0.00,0.0000,0.0075
2026-02-08,C005,VectorFlow,LinkedIn Ads,134,3,0,137.61,0.00,0.0000,0.0224
2026-02-08,C005,VectorFlow,Partnerships,101,1,0,113.39,0.00,0.0000,0.0099
2026-02-08,C005,VectorFlow,Outbound Sales,166,17,0,150.13,0.00,0.0000,0.1024
2026-02-08,C005,VectorFlow,Referral,1256,136,3,131.65,907.29,0.0221,0.1083
2026-02-09,C005,VectorFlow,SEO,612,19,0,163.60,0.00,0.0000,0.0310
2026-02-09,C005,VectorFlow,Paid Search,710,69,1,229.34,339.87,0.0145,0.0972
2026-02-09,C005,VectorFlow,Content,329,20,0,173.22,0.00,0.0000,0.0608
2026-02-09,C005,VectorFlow,LinkedIn Ads,484,13,0,140.15,0.00,0.0000,0.0269
2026-02-09,C005,VectorFlow,Partnerships,235,3,0,115.48,0.00,0.0000,0.0128
2026-02-09,C005,VectorFlow,Outbound Sales,342,8,0,152.90,0.00,0.0000,0.0234
2026-02-09,C005,VectorFlow,Referral,604,41,2,134.08,499.37,0.0488,0.0679
2026-02-10,C005,VectorFlow,SEO,120,25,0,91.12,0.00,0.0000,0.2083
2026-02-10,C005,VectorFlow,Paid Search,243,21,0,127.74,0.00,0.0000,0.0864
2026-02-10,C005,VectorFlow,Content,272,17,0,96.48,0.00,0.0000,0.0625
2026-02-10,C005,VectorFlow,LinkedIn Ads,129,21,0,78.06,0.00,0.0000,0.1628
2026-02-10,C005,VectorFlow,Partnerships,182,17,0,64.32,0.00,0.0000,0.0934
2026-02-10,C005,VectorFlow,Outbound Sales,615,19,0,85.16,0.00,0.0000,0.0309
2026-02-10,C005,VectorFlow,Referral,968,79,2,74.68,671.75,0.0253,0.0816
2026-02-11,C005,VectorFlow,SEO,426,27,1,209.96,287.01,0.0370,0.0634
2026-02-11,C005,VectorFlow,Paid Search,808,110,1,294.34,335.46,0.0091,0.1361
2026-02-11,C005,VectorFlow,Content,291,33,1,222.31,342.07,0.0303,0.1134
2026-02-11,C005,VectorFlow,LinkedIn Ads,537,7,0,179.88,0.00,0.0000,0.0130
2026-02-11,C005,VectorFlow,Partnerships,107,1,0,148.21,0.00,0.0000,0.0093
2026-02-11,C005,VectorFlow,Outbound Sales,266,2,0,196.23,0.00,0.0000,0.0075
2026-02-11,C005,VectorFlow,Referral,364,20,1,172.08,273.83,0.0500,0.0549
2026-02-12,C005,VectorFlow,SEO,518,5,0,145.11,0.00,0.0000,0.0097
2026-02-12,C005,VectorFlow,Paid Search,622,70,1,203.42,341.63,0.0143,0.1125
2026-02-12,C005,VectorFlow,Content,504,52,1,153.64,256.74,0.0192,0.1032
2026-02-12,C005,VectorFlow,LinkedIn Ads,195,25,0,124.31,0.00,0.0000,0.1282
2026-02-12,C005,VectorFlow,Partnerships,351,17,0,102.43,0.00,0.0000,0.0484
2026-02-12,C005,VectorFlow,Outbound Sales,326,17,0,135.62,0.00,0.0000,0.0521
2026-02-12,C005,VectorFlow,Referral,363,16,1,118.93,296.15,0.0625,0.0441
2026-02-13,C005,VectorFlow,SEO,515,68,1,176.80,303.51,0.0147,0.1320
2026-02-13,C005,VectorFlow,Paid Search,580,53,1,247.85,256.45,0.0189,0.0914
2026-02-13,C005,VectorFlow,Content,257,21,1,187.20,242.24,0.0476,0.0817
2026-02-13,C005,VectorFlow,LinkedIn Ads,237,12,0,151.46,0.00,0.0000,0.0506
2026-02-13,C005,VectorFlow,Partnerships,516,20,0,124.80,0.00,0.0000,0.0388
2026-02-13,C005,VectorFlow,Outbound Sales,332,25,0,165.23,0.00,0.0000,0.0753
2026-02-13,C005,VectorFlow,Referral,370,40,1,144.90,300.30,0.0250,0.1081
2026-02-14,C005,VectorFlow,SEO,475,38,1,143.91,231.76,0.0263,0.0800
2026-02-14,C005,VectorFlow,Paid Search,301,2,0,201.75,0.00,0.0000,0.0066
2026-02-14,C005,VectorFlow,Content,453,7,0,152.38,0.00,0.0000,0.0155
2026-02-14,C005,VectorFlow,LinkedIn Ads,503,6,0,123.29,0.00,0.0000,0.0119
2026-02-14,C005,VectorFlow,Partnerships,281,10,0,101.59,0.00,0.0000,0.0356
2026-02-14,C005,VectorFlow,Outbound Sales,493,3,0,134.50,0.00,0.0000,0.0061
2026-02-14,C005,VectorFlow,Referral,998,37,2,117.96,536.88,0.0541,0.0371
2026-02-15,C005,VectorFlow,SEO,378,39,1,226.09,310.71,0.0256,0.1032
2026-02-15,C005,VectorFlow,Paid Search,778,61,1,316.95,282.21,0.0164,0.0784
2026-02-15,C005,VectorFlow,Content,518,68,1,239.39,320.17,0.0147,0.1313
2026-02-15,C005,VectorFlow,LinkedIn Ads,146,24,0,193.69,0.00,0.0000,0.1644
2026-02-15,C005,VectorFlow,Partnerships,750,94,1,159.59,327.82,0.0106,0.1253
2026-02-15,C005,VectorFlow,Outbound Sales,779,63,1,211.30,288.11,0.0159,0.0809
2026-02-15,C005,VectorFlow,Referral,279,10,0,185.32,0.00,0.0000,0.0358
2026-02-16,C005,VectorFlow,SEO,503,18,0,49.71,0.00,0.0000,0.0358
2026-02-16,C005,VectorFlow,Paid Search,417,18,0,69.68,0.00,0.0000,0.0432
2026-02-16,C005,VectorFlow,Content,140,10,0,52.63,0.00,0.0000,0.0714
2026-02-16,C005,VectorFlow,LinkedIn Ads,570,1,0,42.58,0.00,0.0000,0.0018
2026-02-16,C005,VectorFlow,Partnerships,440,1,0,35.09,0.00,0.0000,0.0023
2026-02-16,C005,VectorFlow,Outbound Sales,491,7,0,46.45,0.00,0.0000,0.0143
2026-02-16,C005,VectorFlow,Referral,344,26,1,40.74,304.51,0.0385,0.0756
2026-02-17,C005,VectorFlow,SEO,252,21,1,247.45,304.97,0.0476,0.0833
2026-02-17,C005,VectorFlow,Paid Search,465,42,1,346.90,254.61,0.0238,0.0903
2026-02-17,C005,VectorFlow,Content,526,73,1,262.01,331.82,0.0137,0.1388
2026-02-17,C005,VectorFlow,LinkedIn Ads,755,70,1,212.00,277.35,0.0143,0.0927
2026-02-17,C005,VectorFlow,Partnerships,556,44,1,174.67,225.00,0.0227,0.0791
2026-02-17,C005,VectorFlow,Outbound Sales,592,11,0,231.27,0.00,0.0000,0.0186
2026-02-17,C005,VectorFlow,Referral,559,18,0,202.82,0.00,0.0000,0.0322
2026-02-18,C005,VectorFlow,SEO,483,25,0,103.59,0.00,0.0000,0.0518
2026-02-18,C005,VectorFlow,Paid Search,288,20,0,145.22,0.00,0.0000,0.0694
2026-02-18,C005,VectorFlow,Content,442,20,0,109.68,0.00,0.0000,0.0452
2026-02-18,C005,VectorFlow,LinkedIn Ads,536,21,0,88.74,0.00,0.0000,0.0392
2026-02-18,C005,VectorFlow,Partnerships,566,24,0,73.12,0.00,0.0000,0.0424
2026-02-18,C005,VectorFlow,Outbound Sales,229,12,0,96.81,0.00,0.0000,0.0524
2026-02-18,C005,VectorFlow,Referral,867,65,2,84.90,466.25,0.0308,0.0750
2026-02-19,C005,VectorFlow,SEO,502,25,0,106.87,0.00,0.0000,0.0498
2026-02-19,C005,VectorFlow,Paid Search,568,3,0,149.81,0.00,0.0000,0.0053
2026-02-19,C005,VectorFlow,Content,227,17,0,113.15,0.00,0.0000,0.0749
2026-02-19,C005,VectorFlow,LinkedIn Ads,545,11,0,91.55,0.00,0.0000,0.0202
2026-02-19,C005,VectorFlow,Partnerships,502,4,0,75.43,0.00,0.0000,0.0080
2026-02-19,C005,VectorFlow,Outbound Sales,197,4,0,99.88,0.00,0.0000,0.0203
2026-02-19,C005,VectorFlow,Referral,532,48,2,87.59,631.06,0.0417,0.0902
2026-02-20,C005,VectorFlow,SEO,509,46,1,202.88,292.77,0.0217,0.0904
2026-02-20,C005,VectorFlow,Paid Search,705,51,1,284.41,342.22,0.0196,0.0723
2026-02-20,C005,VectorFlow,Content,288,30,1,214.81,317.51,0.0333,0.1042
2026-02-20,C005,VectorFlow,LinkedIn Ads,378,24,0,173.81,0.00,0.0000,0.0635
2026-02-20,C005,VectorFlow,Partnerships,383,11,0,143.21,0.00,0.0000,0.0287
2026-02-20,C005,VectorFlow,Outbound Sales,196,2,0,189.61,0.00,0.0000,0.0102
2026-02-20,C005,VectorFlow,Referral,308,41,1,166.26,259.04,0.0244,0.1331
2026-02-21,C005,VectorFlow,SEO,542,14,0,48.12,0.00,0.0000,0.0258
2026-02-21,C005,VectorFlow,Paid Search,270,20,0,67.46,0.00,0.0000,0.0741
2026-02-21,C005,VectorFlow,Content,265,12,0,50.95,0.00,0.0000,0.0453
2026-02-21,C005,VectorFlow,LinkedIn Ads,159,17,0,41.22,0.00,0.0000,0.1069
2026-02-21,C005,VectorFlow,Partnerships,342,1,0,33.97,0.00,0.0000,0.0029
2026-02-21,C005,VectorFlow,Outbound Sales,340,25,0,44.97,0.00,0.0000,0.0735
2026-02-21,C005,VectorFlow,Referral,413,50,1,39.44,301.56,0.0200,0.1211
2026-02-22,C005,VectorFlow,SEO,508,59,1,126.14,236.24,0.0169,0.1161
2026-02-22,C005,VectorFlow,Paid Search,389,16,0,176.84,0.00,0.0000,0.0411
2026-02-22,C005,VectorFlow,Content,348,8,0,133.56,0.00,0.0000,0.0230
2026-02-22,C005,VectorFlow,LinkedIn Ads,296,1,0,108.07,0.00,0.0000,0.0034
2026-02-22,C005,VectorFlow,Partnerships,321,19,0,89.04,0.00,0.0000,0.0592
2026-02-22,C005,VectorFlow,Outbound Sales,428,20,0,117.89,0.00,0.0000,0.0467
2026-02-22,C005,VectorFlow,Referral,857,43,2,103.38,687.54,0.0465,0.0502
2026-02-23,C005,VectorFlow,SEO,254,16,0,93.57,0.00,0.0000,0.0630
2026-02-23,C005,VectorFlow,Paid Search,582,10,0,131.18,0.00,0.0000,0.0172
2026-02-23,C005,VectorFlow,Content,234,14,0,99.08,0.00,0.0000,0.0598
2026-02-23,C005,VectorFlow,LinkedIn Ads,489,19,0,80.16,0.00,0.0000,0.0389
2026-02-23,C005,VectorFlow,Partnerships,328,17,0,66.05,0.00,0.0000,0.0518
2026-02-23,C005,VectorFlow,Outbound Sales,237,3,0,87.45,0.00,0.0000,0.0127
2026-02-23,C005,VectorFlow,Referral,1091,113,2,76.70,453.95,0.0177,0.1036
2026-02-24,C005,VectorFlow,SEO,510,67,1,178.23,295.78,0.0149,0.1314
2026-02-24,C005,VectorFlow,Paid Search,480,22,1,249.86,225.07,0.0455,0.0458
2026-02-24,C005,VectorFlow,Content,516,23,1,188.72,288.74,0.0435,0.0446
2026-02-24,C005,VectorFlow,LinkedIn Ads,0,0,0,152.69,0.00,0.0000,0.0000
2026-02-24,C005,VectorFlow,Partnerships,597,25,0,125.81,0.00,0.0000,0.0419
2026-02-24,C005,VectorFlow,Outbound Sales,467,6,0,166.58,0.00,0.0000,0.0128
2026-02-24,C005,VectorFlow,Referral,277,24,1,146.09,252.73,0.0417,0.0866
2026-02-25,C005,VectorFlow,SEO,377,15,0,50.02,0.00,0.0000,0.0398
2026-02-25,C005,VectorFlow,Paid Search,408,6,0,70.12,0.00,0.0000,0.0147
2026-02-25,C005,VectorFlow,Content,205,25,0,52.96,0.00,0.0000,0.1220
2026-02-25,C005,VectorFlow,LinkedIn Ads,517,24,0,42.85,0.00,0.0000,0.0464
2026-02-25,C005,VectorFlow,Partnerships,478,10,0,35.31,0.00,0.0000,0.0209
2026-02-25,C005,VectorFlow,Outbound Sales,536,13,0,46.75,0.00,0.0000,0.0243
2026-02-25,C005,VectorFlow,Referral,450,35,1,40.99,232.47,0.0286,0.0778
2026-02-26,C005,VectorFlow,SEO,461,59,1,211.54,347.09,0.0169,0.1280
2026-02-26,C005,VectorFlow,Paid Search,614,42,1,296.56,300.30,0.0238,0.0684
2026-02-26,C005,VectorFlow,Content,427,49,1,223.99,228.47,0.0204,0.1148
2026-02-26,C005,VectorFlow,LinkedIn Ads,526,6,0,181.23,0.00,0.0000,0.0114
2026-02-26,C005,VectorFlow,Partnerships,517,23,0,149.32,0.00,0.0000,0.0445
2026-02-26,C005,VectorFlow,Outbound Sales,540,17,0,197.71,0.00,0.0000,0.0315
2026-02-26,C005,VectorFlow,Referral,406,41,1,173.38,282.52,0.0244,0.1010
2026-02-27,C005,VectorFlow,SEO,361,35,1,248.40,268.78,0.0286,0.0970
2026-02-27,C005,VectorFlow,Paid Search,673,86,1,348.23,310.23,0.0116,0.1278
2026-02-27,C005,VectorFlow,Content,256,14,1,263.01,333.83,0.0714,0.0547
2026-02-27,C005,VectorFlow,LinkedIn Ads,572,71,1,212.80,288.73,0.0141,0.1241
2026-02-27,C005,VectorFlow,Partnerships,818,61,1,175.34,345.96,0.0164,0.0746
2026-02-27,C005,VectorFlow,Outbound Sales,475,18,0,232.15,0.00,0.0000,0.0379
2026-02-27,C005,VectorFlow,Referral,434,11,0,203.58,0.00,0.0000,0.0253
2026-02-28,C005,VectorFlow,SEO,281,12,0,136.74,0.00,0.0000,0.0427
2026-02-28,C005,VectorFlow,Paid Search,245,17,0,191.70,0.00,0.0000,0.0694
2026-02-28,C005,VectorFlow,Content,427,57,1,144.79,256.63,0.0175,0.1335
2026-02-28,C005,VectorFlow,LinkedIn Ads,172,16,0,117.15,0.00,0.0000,0.0930
2026-02-28,C005,VectorFlow,Partnerships,463,8,0,96.52,0.00,0.0000,0.0173
2026-02-28,C005,VectorFlow,Outbound Sales,470,9,0,127.80,0.00,0.0000,0.0191
2026-02-28,C005,VectorFlow,Referral,1001,68,2,112.07,573.41,0.0294,0.0679
2026-03-01,C005,VectorFlow,SEO,250,24,1,264.56,229.45,0.0417,0.0960
2026-03-01,C005,VectorFlow,Paid Search,505,55,1,370.89,274.68,0.0182,0.1089
2026-03-01,C005,VectorFlow,Content,387,22,1,280.13,258.16,0.0455,0.0568
2026-03-01,C005,VectorFlow,LinkedIn Ads,876,76,1,226.65,299.91,0.0132,0.0868
2026-03-01,C005,VectorFlow,Partnerships,825,53,1,186.75,234.37,0.0189,0.0642
2026-03-01,C005,VectorFlow,Outbound Sales,249,5,0,247.26,0.00,0.0000,0.0201
2026-03-01,C005,VectorFlow,Referral,513,4,0,216.84,0.00,0.0000,0.0078
2026-03-02,C005,VectorFlow,SEO,269,31,1,258.41,303.74,0.0323,0.1152
2026-03-02,C005,VectorFlow,Paid Search,428,20,1,362.26,345.58,0.0500,0.0467
2026-03-02,C005,VectorFlow,Content,503,64,1,273.61,346.37,0.0156,0.1272
2026-03-02,C005,VectorFlow,LinkedIn Ads,551,44,1,221.38,333.70,0.0227,0.0799
2026-03-02,C005,VectorFlow,Partnerships,509,61,1,182.40,278.52,0.0164,0.1198
2026-03-02,C005,VectorFlow,Outbound Sales,166,14,0,241.51,0.00,0.0000,0.0843
2026-03-02,C005,VectorFlow,Referral,0,0,0,211.78,0.00,0.0000,0.0000
2026-03-03,C005,VectorFlow,SEO,390,10,0,128.98,0.00,0.0000,0.0256
2026-03-03,C005,VectorFlow,Paid Search,782,70,1,180.82,297.66,0.0143,0.0895
2026-03-03,C005,VectorFlow,Content,509,39,1,136.57,297.92,0.0256,0.0766
2026-03-03,C005,VectorFlow,LinkedIn Ads,193,23,0,110.50,0.00,0.0000,0.1192
2026-03-03,C005,VectorFlow,Partnerships,302,15,0,91.05,0.00,0.0000,0.0497
2026-03-03,C005,VectorFlow,Outbound Sales,175,23,0,120.55,0.00,0.0000,0.1314
2026-03-03,C005,VectorFlow,Referral,349,25,1,105.72,293.69,0.0400,0.0716
2026-03-04,C005,VectorFlow,SEO,471,23,0,95.66,0.00,0.0000,0.0488
2026-03-04,C005,VectorFlow,Paid Search,514,4,0,134.10,0.00,0.0000,0.0078
2026-03-04,C005,VectorFlow,Content,520,1,0,101.28,0.00,0.0000,0.0019
2026-03-04,C005,VectorFlow,LinkedIn Ads,394,8,0,81.95,0.00,0.0000,0.0203
2026-03-04,C005,VectorFlow,Partnerships,323,10,0,67.52,0.00,0.0000,0.0310
2026-03-04,C005,VectorFlow,Outbound Sales,504,9,0,89.40,0.00,0.0000,0.0179
2026-03-04,C005,VectorFlow,Referral,824,57,2,78.41,558.27,0.0351,0.0692
2026-03-05,C005,VectorFlow,SEO,255,12,0,92.92,0.00,0.0000,0.0471
2026-03-05,C005,VectorFlow,Paid Search,438,17,0,130.26,0.00,0.0000,0.0388
2026-03-05,C005,VectorFlow,Content,117,9,0,98.38,0.00,0.0000,0.0769
2026-03-05,C005,VectorFlow,LinkedIn Ads,184,2,0,79.60,0.00,0.0000,0.0109
2026-03-05,C005,VectorFlow,Partnerships,120,21,0,65.59,0.00,0.0000,0.1750
2026-03-05,C005,VectorFlow,Outbound Sales,147,12,0,86.84,0.00,0.0000,0.0816
2026-03-05,C005,VectorFlow,Referral,606,61,2,76.16,626.46,0.0328,0.1007
2026-03-06,C005,VectorFlow,SEO,0,0,0,107.41,0.00,0.0000,0.0000
2026-03-06,C005,VectorFlow,Paid Search,470,25,0,150.58,0.00,0.0000,0.0532
2026-03-06,C005,VectorFlow,Content,156,25,0,113.73,0.00,0.0000,0.1603
2026-03-06,C005,VectorFlow,LinkedIn Ads,440,5,0,92.02,0.00,0.0000,0.0114
2026-03-06,C005,VectorFlow,Partnerships,447,20,0,75.82,0.00,0.0000,0.0447
2026-03-06,C005,VectorFlow,Outbound Sales,557,24,0,100.38,0.00,0.0000,0.0431
2026-03-06,C005,VectorFlow,Referral,1006,84,2,88.03,458.83,0.0238,0.0835
2026-03-07,C005,VectorFlow,SEO,90,1,0,50.05,0.00,0.0000,0.0111
2026-03-07,C005,VectorFlow,Paid Search,101,9,0,70.17,0.00,0.0000,0.0891
2026-03-07,C005,VectorFlow,Content,116,4,0,53.00,0.00,0.0000,0.0345
2026-03-07,C005,VectorFlow,LinkedIn Ads,395,24,0,42.88,0.00,0.0000,0.0608
2026-03-07,C005,VectorFlow,Partnerships,431,7,0,35.33,0.00,0.0000,0.0162
2026-03-07,C005,VectorFlow,Outbound Sales,340,11,0,46.78,0.00,0.0000,0.0324
2026-03-07,C005,VectorFlow,Referral,455,32,1,41.03,268.57,0.0312,0.0703
2026-03-08,C005,VectorFlow,SEO,153,13,0,147.33,0.00,0.0000,0.0850
2026-03-08,C005,VectorFlow,Paid Search,351,24,0,206.54,0.00,0.0000,0.0684
2026-03-08,C005,VectorFlow,Content,458,22,1,156.00,306.34,0.0455,0.0480
2026-03-08,C005,VectorFlow,LinkedIn Ads,321,11,0,126.22,0.00,0.0000,0.0343
2026-03-08,C005,VectorFlow,Partnerships,427,5,0,104.00,0.00,0.0000,0.0117
2026-03-08,C005,VectorFlow,Outbound Sales,587,2,0,137.69,0.00,0.0000,0.0034
2026-03-08,C005,VectorFlow,Referral,727,44,2,120.74,492.51,0.0455,0.0605
2026-03-09,C005,VectorFlow,SEO,534,58,1,170.69,250.67,0.0172,0.1086
2026-03-09,C005,VectorFlow,Paid Search,558,25,1,239.28,315.76,0.0400,0.0448
2026-03-09,C005,VectorFlow,Content,261,33,1,180.73,328.53,0.0303,0.1264
2026-03-09,C005,VectorFlow,LinkedIn Ads,520,17,0,146.23,0.00,0.0000,0.0327
2026-03-09,C005,VectorFlow,Partnerships,475,2,0,120.48,0.00,0.0000,0.0042
2026-03-09,C005,VectorFlow,Outbound Sales,431,9,0,159.52,0.00,0.0000,0.0209
2026-03-09,C005,VectorFlow,Referral,527,43,1,139.90,333.24,0.0233,0.0816
2026-03-10,C005,VectorFlow,SEO,536,23,0,45.99,0.00,0.0000,0.0429
2026-03-10,C005,VectorFlow,Paid Search,276,13,0,64.48,0.00,0.0000,0.0471
2026-03-10,C005,VectorFlow,Content,287,16,0,48.70,0.00,0.0000,0.0557
2026-03-10,C005,VectorFlow,LinkedIn Ads,228,19,0,39.40,0.00,0.0000,0.0833
2026-03-10,C005,VectorFlow,Partnerships,316,5,0,32.46,0.00,0.0000,0.0158
2026-03-10,C005,VectorFlow,Outbound Sales,186,5,0,42.98,0.00,0.0000,0.0269
2026-03-10,C005,VectorFlow,Referral,432,45,1,37.70,267.47,0.0222,0.1042
2026-03-11,C005,VectorFlow,SEO,455,42,1,267.11,236.56,0.0238,0.0923
2026-03-11,C005,VectorFlow,Paid Search,609,55,1,374.46,292.28,0.0182,0.0903
2026-03-11,C005,VectorFlow,Content,426,28,1,282.82,281.42,0.0357,0.0657
2026-03-11,C005,VectorFlow,LinkedIn Ads,480,51,1,228.84,293.01,0.0196,0.1062
2026-03-11,C005,VectorFlow,Partnerships,424,59,1,188.55,338.35,0.0169,0.1392
2026-03-11,C005,VectorFlow,Outbound Sales,154,6,0,249.64,0.00,0.0000,0.0390
2026-03-11,C005,VectorFlow,Referral,587,16,0,218.92,0.00,0.0000,0.0273
2026-03-12,C005,VectorFlow,SEO,573,5,0,137.51,0.00,0.0000,0.0087
2026-03-12,C005,VectorFlow,Paid Search,227,17,0,192.77,0.00,0.0000,0.0749
2026-03-12,C005,VectorFlow,Content,318,33,1,145.60,230.63,0.0303,0.1038
2026-03-12,C005,VectorFlow,LinkedIn Ads,316,20,0,117.81,0.00,0.0000,0.0633
2026-03-12,C005,VectorFlow,Partnerships,513,2,0,97.07,0.00,0.0000,0.0039
2026-03-12,C005,VectorFlow,Outbound Sales,112,22,0,128.52,0.00,0.0000,0.1964
2026-03-12,C005,VectorFlow,Referral,941,105,2,112.69,455.47,0.0190,0.1116
2026-03-13,C005,VectorFlow,SEO,462,15,0,152.14,0.00,0.0000,0.0325
2026-03-13,C005,VectorFlow,Paid Search,300,22,0,213.28,0.00,0.0000,0.0733
2026-03-13,C005,VectorFlow,Content,289,12,1,161.09,334.48,0.0833,0.0415
2026-03-13,C005,VectorFlow,LinkedIn Ads,433,1,0,130.34,0.00,0.0000,0.0023
2026-03-13,C005,VectorFlow,Partnerships,458,14,0,107.39,0.00,0.0000,0.0306
2026-03-13,C005,VectorFlow,Outbound Sales,176,24,0,142.19,0.00,0.0000,0.1364
2026-03-13,C005,VectorFlow,Referral,891,123,2,124.67,550.78,0.0163,0.1380
2026-03-14,C005,VectorFlow,SEO,432,54,1,191.39,296.28,0.0185,0.1250
2026-03-14,C005,VectorFlow,Paid Search,504,67,1,268.30,256.30,0.0149,0.1329
2026-03-14,C005,VectorFlow,Content,472,57,1,202.64,301.05,0.0175,0.1208
2026-03-14,C005,VectorFlow,LinkedIn Ads,207,6,0,163.96,0.00,0.0000,0.0290
2026-03-14,C005,VectorFlow,Partnerships,518,11,0,135.10,0.00,0.0000,0.0212
2026-03-14,C005,VectorFlow,Outbound Sales,473,1,0,178.87,0.00,0.0000,0.0021
2026-03-14,C005,VectorFlow,Referral,368,19,1,156.86,287.50,0.0526,0.0516
2026-03-15,C005,VectorFlow,SEO,535,14,0,45.53,0.00,0.0000,0.0262
2026-03-15,C005,VectorFlow,Paid Search,332,22,0,63.83,0.00,0.0000,0.0663
2026-03-15,C005,VectorFlow,Content,549,5,0,48.21,0.00,0.0000,0.0091
2026-03-15,C005,VectorFlow,LinkedIn Ads,173,3,0,39.01,0.00,0.0000,0.0173
2026-03-15,C005,VectorFlow,Partnerships,435,4,0,32.14,0.00,0.0000,0.0092
2026-03-15,C005,VectorFlow,Outbound Sales,123,3,0,42.55,0.00,0.0000,0.0244
2026-03-15,C005,VectorFlow,Referral,397,55,1,37.32,300.75,0.0182,0.1385
2026-03-16,C005,VectorFlow,SEO,488,19,0,134.82,0.00,0.0000,0.0389
2026-03-16,C005,VectorFlow,Paid Search,372,4,0,189.00,0.00,0.0000,0.0108
2026-03-16,C005,VectorFlow,Content,305,22,1,142.75,268.98,0.0455,0.0721
2026-03-16,C005,VectorFlow,LinkedIn Ads,327,1,0,115.50,0.00,0.0000,0.0031
2026-03-16,C005,VectorFlow,Partnerships,510,15,0,95.16,0.00,0.0000,0.0294
2026-03-16,C005,VectorFlow,Outbound Sales,503,24,0,126.00,0.00,0.0000,0.0477
2026-03-16,C005,VectorFlow,Referral,838,52,2,110.48,646.29,0.0385,0.0621
2026-03-17,C005,VectorFlow,SEO,294,10,0,54.44,0.00,0.0000,0.0340
2026-03-17,C005,VectorFlow,Paid Search,490,8,0,76.32,0.00,0.0000,0.0163
2026-03-17,C005,VectorFlow,Content,170,25,0,57.64,0.00,0.0000,0.1471
2026-03-17,C005,VectorFlow,LinkedIn Ads,467,9,0,46.64,0.00,0.0000,0.0193
2026-03-17,C005,VectorFlow,Partnerships,412,19,0,38.43,0.00,0.0000,0.0461
2026-03-17,C005,VectorFlow,Outbound Sales,414,4,0,50.88,0.00,0.0000,0.0097
2026-03-17,C005,VectorFlow,Referral,361,27,1,44.63,329.19,0.0370,0.0748
2026-03-18,C005,VectorFlow,SEO,291,23,1,190.55,297.09,0.0435,0.0790
2026-03-18,C005,VectorFlow,Paid Search,487,23,1,267.13,229.81,0.0435,0.0472
2026-03-18,C005,VectorFlow,Content,329,30,1,201.76,254.31,0.0333,0.0912
2026-03-18,C005,VectorFlow,LinkedIn Ads,413,9,0,163.25,0.00,0.0000,0.0218
2026-03-18,C005,VectorFlow,Partnerships,318,13,0,134.51,0.00,0.0000,0.0409
2026-03-18,C005,VectorFlow,Outbound Sales,0,0,0,178.09,0.00,0.0000,0.0000
2026-03-18,C005,VectorFlow,Referral,443,49,1,156.17,341.24,0.0204,0.1106
2026-03-19,C005,VectorFlow,SEO,414,18,1,173.68,258.46,0.0556,0.0435
2026-03-19,C005,VectorFlow,Paid Search,574,78,1,243.48,316.00,0.0128,0.1359
2026-03-19,C005,VectorFlow,Content,516,45,1,183.90,255.81,0.0222,0.0872
2026-03-19,C005,VectorFlow,LinkedIn Ads,196,1,0,148.80,0.00,0.0000,0.0051
2026-03-19,C005,VectorFlow,Partnerships,126,21,0,122.60,0.00,0.0000,0.1667
2026-03-19,C005,VectorFlow,Outbound Sales,311,4,0,162.32,0.00,0.0000,0.0129
2026-03-19,C005,VectorFlow,Referral,388,18,1,142.35,273.46,0.0556,0.0464
2026-03-20,C005,VectorFlow,SEO,469,24,0,86.62,0.00,0.0000,0.0512
2026-03-20,C005,VectorFlow,Paid Search,424,11,0,121.43,0.00,0.0000,0.0259
2026-03-20,C005,VectorFlow,Content,579,4,0,91.71,0.00,0.0000,0.0069
2026-03-20,C005,VectorFlow,LinkedIn Ads,564,10,0,74.21,0.00,0.0000,0.0177
2026-03-20,C005,VectorFlow,Partnerships,321,9,0,61.14,0.00,0.0000,0.0280
2026-03-20,C005,VectorFlow,Outbound Sales,511,24,0,80.95,0.00,0.0000,0.0470
2026-03-20,C005,VectorFlow,Referral,876,38,2,71.00,674.51,0.0526,0.0434
2026-03-21,C005,VectorFlow,SEO,130,23,0,139.03,0.00,0.0000,0.1769
2026-03-21,C005,VectorFlow,Paid Search,357,25,0,194.91,0.00,0.0000,0.0700
2026-03-21,C005,VectorFlow,Content,539,38,1,147.21,308.94,0.0263,0.0705
2026-03-21,C005,VectorFlow,LinkedIn Ads,555,22,0,119.11,0.00,0.0000,0.0396
2026-03-21,C005,VectorFlow,Partnerships,86,5,0,98.14,0.00,0.0000,0.0581
2026-03-21,C005,VectorFlow,Outbound Sales,332,25,0,129.94,0.00,0.0000,0.0753
2026-03-21,C005,VectorFlow,Referral,635,37,2,113.95,468.27,0.0541,0.0583
2026-03-22,C005,VectorFlow,SEO,601,12,0,106.78,0.00,0.0000,0.0200
2026-03-22,C005,VectorFlow,Paid Search,476,6,0,149.70,0.00,0.0000,0.0126
2026-03-22,C005,VectorFlow,Content,318,11,0,113.06,0.00,0.0000,0.0346
2026-03-22,C005,VectorFlow,LinkedIn Ads,193,22,0,91.48,0.00,0.0000,0.1140
2026-03-22,C005,VectorFlow,Partnerships,370,22,0,75.38,0.00,0.0000,0.0595
2026-03-22,C005,VectorFlow,Outbound Sales,362,14,0,99.80,0.00,0.0000,0.0387
2026-03-22,C005,VectorFlow,Referral,625,85,2,87.51,693.02,0.0235,0.1360
2026-03-23,C005,VectorFlow,SEO,281,27,1,203.67,348.39,0.0370,0.0961
2026-03-23,C005,VectorFlow,Paid Search,875,109,1,285.52,242.57,0.0092,0.1246
2026-03-23,C005,VectorFlow,Content,547,55,1,215.65,245.63,0.0182,0.1005
2026-03-23,C005,VectorFlow,LinkedIn Ads,444,19,0,174.48,0.00,0.0000,0.0428
2026-03-23,C005,VectorFlow,Partnerships,590,20,0,143.77,0.00,0.0000,0.0339
2026-03-23,C005,VectorFlow,Outbound Sales,359,1,0,190.35,0.00,0.0000,0.0028
2026-03-23,C005,VectorFlow,Referral,487,31,1,166.92,223.99,0.0323,0.0637
2026-03-24,C005,VectorFlow,SEO,174,21,0,91.52,0.00,0.0000,0.1207
2026-03-24,C005,VectorFlow,Paid Search,398,25,0,128.30,0.00,0.0000,0.0628
2026-03-24,C005,VectorFlow,Content,486,11,0,96.90,0.00,0.0000,0.0226
2026-03-24,C005,VectorFlow,LinkedIn Ads,347,10,0,78.41,0.00,0.0000,0.0288
2026-03-24,C005,VectorFlow,Partnerships,179,11,0,64.60,0.00,0.0000,0.0615
2026-03-24,C005,VectorFlow,Outbound Sales,451,21,0,85.53,0.00,0.0000,0.0466
2026-03-24,C005,VectorFlow,Referral,662,62,2,75.01,469.33,0.0323,0.0937
2026-03-25,C005,VectorFlow,SEO,95,15,0,91.93,0.00,0.0000,0.1579
2026-03-25,C005,VectorFlow,Paid Search,116,21,0,128.87,0.00,0.0000,0.1810
2026-03-25,C005,VectorFlow,Content,192,21,0,97.34,0.00,0.0000,0.1094
2026-03-25,C005,VectorFlow,LinkedIn Ads,542,22,0,78.76,0.00,0.0000,0.0406
2026-03-25,C005,VectorFlow,Partnerships,509,14,0,64.89,0.00,0.0000,0.0275
2026-03-25,C005,VectorFlow,Outbound Sales,595,13,0,85.92,0.00,0.0000,0.0218
2026-03-25,C005,VectorFlow,Referral,638,75,2,75.33,492.95,0.0267,0.1176
2026-03-26,C005,VectorFlow,SEO,585,19,0,47.73,0.00,0.0000,0.0325
2026-03-26,C005,VectorFlow,Paid Search,402,6,0,66.91,0.00,0.0000,0.0149
2026-03-26,C005,VectorFlow,Content,281,9,0,50.54,0.00,0.0000,0.0320
2026-03-26,C005,VectorFlow,LinkedIn Ads,276,10,0,40.89,0.00,0.0000,0.0362
2026-03-26,C005,VectorFlow,Partnerships,115,11,0,33.69,0.00,0.0000,0.0957
2026-03-26,C005,VectorFlow,Outbound Sales,565,18,0,44.61,0.00,0.0000,0.0319
2026-03-26,C005,VectorFlow,Referral,335,11,1,39.11,223.35,0.0909,0.0328
2026-03-27,C005,VectorFlow,SEO,556,18,0,45.81,0.00,0.0000,0.0324
2026-03-27,C005,VectorFlow,Paid Search,480,6,0,64.23,0.00,0.0000,0.0125
2026-03-27,C005,VectorFlow,Content,123,10,0,48.51,0.00,0.0000,0.0813
2026-03-27,C005,VectorFlow,LinkedIn Ads,124,6,0,39.25,0.00,0.0000,0.0484
2026-03-27,C005,VectorFlow,Partnerships,560,5,0,32.34,0.00,0.0000,0.0089
2026-03-27,C005,VectorFlow,Outbound Sales,473,4,0,42.82,0.00,0.0000,0.0085
2026-03-27,C005,VectorFlow,Referral,311,33,1,37.54,281.70,0.0303,0.1061
2026-03-28,C005,VectorFlow,SEO,452,36,1,194.39,347.17,0.0278,0.0796
2026-03-28,C005,VectorFlow,Paid Search,694,91,1,272.52,329.91,0.0110,0.1311
2026-03-28,C005,VectorFlow,Content,479,47,1,205.83,339.03,0.0213,0.0981
2026-03-28,C005,VectorFlow,LinkedIn Ads,358,10,0,166.54,0.00,0.0000,0.0279
2026-03-28,C005,VectorFlow,Partnerships,365,22,0,137.22,0.00,0.0000,0.0603
2026-03-28,C005,VectorFlow,Outbound Sales,348,18,0,181.68,0.00,0.0000,0.0517
2026-03-28,C005,VectorFlow,Referral,322,35,1,159.32,257.83,0.0286,0.1087
2026-03-29,C005,VectorFlow,SEO,276,21,0,53.01,0.00,0.0000,0.0761
2026-03-29,C005,VectorFlow,Paid Search,587,19,0,74.31,0.00,0.0000,0.0324
2026-03-29,C005,VectorFlow,Content,376,20,0,56.12,0.00,0.0000,0.0532
2026-03-29,C005,VectorFlow,LinkedIn Ads,560,24,0,45.41,0.00,0.0000,0.0429
2026-03-29,C005,VectorFlow,Partnerships,571,1,0,37.42,0.00,0.0000,0.0018
2026-03-29,C005,VectorFlow,Outbound Sales,522,20,0,49.54,0.00,0.0000,0.0383
2026-03-29,C005,VectorFlow,Referral,391,37,1,43.44,238.98,0.0270,0.0946
2026-03-30,C005,VectorFlow,SEO,327,19,0,142.14,0.00,0.0000,0.0581
2026-03-30,C005,VectorFlow,Paid Search,467,52,1,199.26,236.59,0.0192,0.1113
2026-03-30,C005,VectorFlow,Content,311,39,1,150.50,330.98,0.0256,0.1254
2026-03-30,C005,VectorFlow,LinkedIn Ads,424,6,0,121.77,0.00,0.0000,0.0142
2026-03-30,C005,VectorFlow,Partnerships,537,17,0,100.33,0.00,0.0000,0.0317
2026-03-30,C005,VectorFlow,Outbound Sales,349,2,0,132.84,0.00,0.0000,0.0057
2026-03-30,C005,VectorFlow,Referral,415,23,1,116.51,264.29,0.0435,0.0554
2026-03-31,C005,VectorFlow,SEO,280,5,0,97.53,0.00,0.0000,0.0179
2026-03-31,C005,VectorFlow,Paid Search,286,7,0,136.72,0.00,0.0000,0.0245
2026-03-31,C005,VectorFlow,Content,102,3,0,103.26,0.00,0.0000,0.0294
2026-03-31,C005,VectorFlow,LinkedIn Ads,508,23,0,83.55,0.00,0.0000,0.0453
2026-03-31,C005,VectorFlow,Partnerships,421,20,0,68.84,0.00,0.0000,0.0475
2026-03-31,C005,VectorFlow,Outbound Sales,155,24,0,91.15,0.00,0.0000,0.1548
2026-03-31,C005,VectorFlow,Referral,982,43,2,79.93,690.54,0.0465,0.0438
2026-01-01,C006,SummitLoop,SEO,317,4,0,107.47,0.00,0.0000,0.0126
2026-01-01,C006,SummitLoop,Paid Search,575,22,1,246.83,358.20,0.0455,0.0383
2026-01-01,C006,SummitLoop,Content,544,5,0,82.18,0.00,0.0000,0.0092
2026-01-01,C006,SummitLoop,LinkedIn Ads,291,6,0,155.41,0.00,0.0000,0.0206
2026-01-01,C006,SummitLoop,Partnerships,100,4,0,94.83,0.00,0.0000,0.0400
2026-01-01,C006,SummitLoop,Outbound Sales,0,0,0,89.76,0.00,0.0000,0.0000
2026-01-01,C006,SummitLoop,Referral,315,19,1,0.00,306.52,0.0526,0.0603
2026-01-02,C006,SummitLoop,SEO,494,39,1,251.52,265.22,0.0256,0.0789
2026-01-02,C006,SummitLoop,Paid Search,692,78,1,577.69,280.02,0.0128,0.1127
2026-01-02,C006,SummitLoop,Content,143,6,0,192.34,0.00,0.0000,0.0420
2026-01-02,C006,SummitLoop,LinkedIn Ads,836,93,1,363.73,351.92,0.0108,0.1112
2026-01-02,C006,SummitLoop,Partnerships,481,18,1,221.93,344.62,0.0556,0.0374
2026-01-02,C006,SummitLoop,Outbound Sales,558,9,0,210.05,0.00,0.0000,0.0161
2026-01-02,C006,SummitLoop,Referral,119,23,0,0.00,0.00,0.0000,0.1933
2026-01-03,C006,SummitLoop,SEO,526,23,0,105.75,0.00,0.0000,0.0437
2026-01-03,C006,SummitLoop,Paid Search,208,24,0,242.89,0.00,0.0000,0.1154
2026-01-03,C006,SummitLoop,Content,511,8,0,80.87,0.00,0.0000,0.0157
2026-01-03,C006,SummitLoop,LinkedIn Ads,139,8,0,152.93,0.00,0.0000,0.0576
2026-01-03,C006,SummitLoop,Partnerships,251,14,0,93.31,0.00,0.0000,0.0558
2026-01-03,C006,SummitLoop,Outbound Sales,266,2,0,88.31,0.00,0.0000,0.0075
2026-01-03,C006,SummitLoop,Referral,859,102,2,0.00,707.25,0.0196,0.1187
2026-01-04,C006,SummitLoop,SEO,584,7,0,123.59,0.00,0.0000,0.0120
2026-01-04,C006,SummitLoop,Paid Search,295,25,0,283.85,0.00,0.0000,0.0847
2026-01-04,C006,SummitLoop,Content,136,14,0,94.51,0.00,0.0000,0.1029
2026-01-04,C006,SummitLoop,LinkedIn Ads,154,23,0,178.72,0.00,0.0000,0.1494
2026-01-04,C006,SummitLoop,Partnerships,577,1,0,109.05,0.00,0.0000,0.0017
2026-01-04,C006,SummitLoop,Outbound Sales,444,4,0,103.21,0.00,0.0000,0.0090
2026-01-04,C006,SummitLoop,Referral,1082,107,2,0.00,589.28,0.0187,0.0989
2026-01-05,C006,SummitLoop,SEO,352,12,0,105.04,0.00,0.0000,0.0341
2026-01-05,C006,SummitLoop,Paid Search,242,9,0,241.26,0.00,0.0000,0.0372
2026-01-05,C006,SummitLoop,Content,371,25,0,80.33,0.00,0.0000,0.0674
2026-01-05,C006,SummitLoop,LinkedIn Ads,87,6,0,151.91,0.00,0.0000,0.0690
2026-01-05,C006,SummitLoop,Partnerships,542,9,0,92.69,0.00,0.0000,0.0166
2026-01-05,C006,SummitLoop,Outbound Sales,615,15,0,87.72,0.00,0.0000,0.0244
2026-01-05,C006,SummitLoop,Referral,1053,38,2,0.00,496.95,0.0526,0.0361
2026-01-06,C006,SummitLoop,SEO,354,35,1,283.22,271.77,0.0286,0.0989
2026-01-06,C006,SummitLoop,Paid Search,638,64,1,650.48,300.48,0.0156,0.1003
2026-01-06,C006,SummitLoop,Content,312,41,1,216.58,347.98,0.0244,0.1314
2026-01-06,C006,SummitLoop,LinkedIn Ads,528,43,1,409.56,311.11,0.0233,0.0814
2026-01-06,C006,SummitLoop,Partnerships,476,34,1,249.90,248.02,0.0294,0.0714
2026-01-06,C006,SummitLoop,Outbound Sales,221,4,0,236.52,0.00,0.0000,0.0181
2026-01-06,C006,SummitLoop,Referral,239,5,0,0.00,0.00,0.0000,0.0209
2026-01-07,C006,SummitLoop,SEO,262,25,1,325.59,350.24,0.0400,0.0954
2026-01-07,C006,SummitLoop,Paid Search,593,47,1,747.81,337.94,0.0213,0.0793
2026-01-07,C006,SummitLoop,Content,443,23,1,248.98,345.44,0.0435,0.0519
2026-01-07,C006,SummitLoop,LinkedIn Ads,857,33,1,470.84,256.10,0.0303,0.0385
2026-01-07,C006,SummitLoop,Partnerships,699,26,1,287.29,321.75,0.0385,0.0372
2026-01-07,C006,SummitLoop,Outbound Sales,141,20,0,271.92,0.00,0.0000,0.1418
2026-01-07,C006,SummitLoop,Referral,247,7,0,0.00,0.00,0.0000,0.0283
2026-01-08,C006,SummitLoop,SEO,211,16,0,196.32,0.00,0.0000,0.0758
2026-01-08,C006,SummitLoop,Paid Search,817,75,1,450.89,314.61,0.0133,0.0918
2026-01-08,C006,SummitLoop,Content,210,18,0,150.12,0.00,0.0000,0.0857
2026-01-08,C006,SummitLoop,LinkedIn Ads,225,9,0,283.90,0.00,0.0000,0.0400
2026-01-08,C006,SummitLoop,Partnerships,612,18,0,173.22,0.00,0.0000,0.0294
2026-01-08,C006,SummitLoop,Outbound Sales,425,10,0,163.95,0.00,0.0000,0.0235
2026-01-08,C006,SummitLoop,Referral,1075,109,2,0.00,752.51,0.0183,0.1014
2026-01-09,C006,SummitLoop,SEO,227,3,0,179.99,0.00,0.0000,0.0132
2026-01-09,C006,SummitLoop,Paid Search,469,20,1,413.40,247.96,0.0500,0.0426
2026-01-09,C006,SummitLoop,Content,310,8,0,137.64,0.00,0.0000,0.0258
2026-01-09,C006,SummitLoop,LinkedIn Ads,212,18,0,260.29,0.00,0.0000,0.0849
2026-01-09,C006,SummitLoop,Partnerships,377,13,0,158.82,0.00,0.0000,0.0345
2026-01-09,C006,SummitLoop,Outbound Sales,199,6,0,150.33,0.00,0.0000,0.0302
2026-01-09,C006,SummitLoop,Referral,511,29,2,0.00,607.87,0.0690,0.0568
2026-01-10,C006,SummitLoop,SEO,530,60,1,305.24,292.11,0.0167,0.1132
2026-01-10,C006,SummitLoop,Paid Search,490,22,1,701.07,332.88,0.0455,0.0449
2026-01-10,C006,SummitLoop,Content,303,18,1,233.42,369.82,0.0556,0.0594
2026-01-10,C006,SummitLoop,LinkedIn Ads,400,28,1,441.41,267.96,0.0357,0.0700
2026-01-10,C006,SummitLoop,Partnerships,788,41,1,269.33,323.59,0.0244,0.0520
2026-01-10,C006,SummitLoop,Outbound Sales,630,48,1,254.91,305.31,0.0208,0.0762
2026-01-10,C006,SummitLoop,Referral,319,7,0,0.00,0.00,0.0000,0.0219
2026-01-11,C006,SummitLoop,SEO,305,6,0,58.55,0.00,0.0000,0.0197
2026-01-11,C006,SummitLoop,Paid Search,216,20,0,134.48,0.00,0.0000,0.0926
2026-01-11,C006,SummitLoop,Content,516,24,0,44.77,0.00,0.0000,0.0465
2026-01-11,C006,SummitLoop,LinkedIn Ads,215,24,0,84.67,0.00,0.0000,0.1116
2026-01-11,C006,SummitLoop,Partnerships,290,5,0,51.66,0.00,0.0000,0.0172
2026-01-11,C006,SummitLoop,Outbound Sales,325,16,0,48.90,0.00,0.0000,0.0492
2026-01-11,C006,SummitLoop,Referral,306,34,1,0.00,363.88,0.0294,0.1111
2026-01-12,C006,SummitLoop,SEO,489,15,0,124.31,0.00,0.0000,0.0307
2026-01-12,C006,SummitLoop,Paid Search,269,18,0,285.52,0.00,0.0000,0.0669
2026-01-12,C006,SummitLoop,Content,372,20,0,95.06,0.00,0.0000,0.0538
2026-01-12,C006,SummitLoop,LinkedIn Ads,212,13,0,179.77,0.00,0.0000,0.0613
2026-01-12,C006,SummitLoop,Partnerships,345,13,0,109.69,0.00,0.0000,0.0377
2026-01-12,C006,SummitLoop,Outbound Sales,118,21,0,103.83,0.00,0.0000,0.1780
2026-01-12,C006,SummitLoop,Referral,993,50,2,0.00,595.33,0.0400,0.0504
2026-01-13,C006,SummitLoop,SEO,415,4,0,187.74,0.00,0.0000,0.0096
2026-01-13,C006,SummitLoop,Paid Search,643,60,1,431.19,293.04,0.0167,0.0933
2026-01-13,C006,SummitLoop,Content,109,20,0,143.56,0.00,0.0000,0.1835
2026-01-13,C006,SummitLoop,LinkedIn Ads,122,19,0,271.49,0.00,0.0000,0.1557
2026-01-13,C006,SummitLoop,Partnerships,404,13,0,165.65,0.00,0.0000,0.0322
2026-01-13,C006,SummitLoop,Outbound Sales,100,17,0,156.79,0.00,0.0000,0.1700
2026-01-13,C006,SummitLoop,Referral,857,57,2,0.00,628.81,0.0351,0.0665
2026-01-14,C006,SummitLoop,SEO,615,19,0,55.21,0.00,0.0000,0.0309
2026-01-14,C006,SummitLoop,Paid Search,445,14,0,126.80,0.00,0.0000,0.0315
2026-01-14,C006,SummitLoop,Content,391,12,0,42.22,0.00,0.0000,0.0307
2026-01-14,C006,SummitLoop,LinkedIn Ads,275,25,0,79.84,0.00,0.0000,0.0909
2026-01-14,C006,SummitLoop,Partnerships,206,5,0,48.71,0.00,0.0000,0.0243
2026-01-14,C006,SummitLoop,Outbound Sales,134,14,0,46.11,0.00,0.0000,0.1045
2026-01-14,C006,SummitLoop,Referral,336,32,1,0.00,248.10,0.0312,0.0952
2026-01-15,C006,SummitLoop,SEO,291,17,0,169.06,0.00,0.0000,0.0584
2026-01-15,C006,SummitLoop,Paid Search,558,37,1,388.28,321.73,0.0270,0.0663
2026-01-15,C006,SummitLoop,Content,211,23,0,129.28,0.00,0.0000,0.1090
2026-01-15,C006,SummitLoop,LinkedIn Ads,473,14,0,244.47,0.00,0.0000,0.0296
2026-01-15,C006,SummitLoop,Partnerships,502,23,0,149.17,0.00,0.0000,0.0458
2026-01-15,C006,SummitLoop,Outbound Sales,463,19,0,141.18,0.00,0.0000,0.0410
2026-01-15,C006,SummitLoop,Referral,510,69,2,0.00,598.24,0.0290,0.1353
2026-01-16,C006,SummitLoop,SEO,449,58,1,317.64,305.28,0.0172,0.1292
2026-01-16,C006,SummitLoop,Paid Search,641,54,1,729.55,371.63,0.0185,0.0842
2026-01-16,C006,SummitLoop,Content,409,21,1,242.90,356.62,0.0476,0.0513
2026-01-16,C006,SummitLoop,LinkedIn Ads,702,39,1,459.35,368.35,0.0256,0.0556
2026-01-16,C006,SummitLoop,Partnerships,510,67,1,280.27,376.80,0.0149,0.1314
2026-01-16,C006,SummitLoop,Outbound Sales,587,12,0,265.27,0.00,0.0000,0.0204
2026-01-16,C006,SummitLoop,Referral,475,12,0,0.00,0.00,0.0000,0.0253
2026-01-17,C006,SummitLoop,SEO,353,34,1,263.89,264.52,0.0294,0.0963
2026-01-17,C006,SummitLoop,Paid Search,768,41,1,606.09,262.85,0.0244,0.0534
2026-01-17,C006,SummitLoop,Content,320,42,1,201.80,336.77,0.0238,0.1313
2026-01-17,C006,SummitLoop,LinkedIn Ads,414,36,1,381.61,370.04,0.0278,0.0870
2026-01-17,C006,SummitLoop,Partnerships,538,63,1,232.84,328.12,0.0159,0.1171
2026-01-17,C006,SummitLoop,Outbound Sales,317,7,0,220.39,0.00,0.0000,0.0221
2026-01-17,C006,SummitLoop,Referral,378,4,0,0.00,0.00,0.0000,0.0106
2026-01-18,C006,SummitLoop,SEO,273,4,0,192.26,0.00,0.0000,0.0147
2026-01-18,C006,SummitLoop,Paid Search,432,47,1,441.58,278.32,0.0213,0.1088
2026-01-18,C006,SummitLoop,Content,255,15,0,147.02,0.00,0.0000,0.0588
2026-01-18,C006,SummitLoop,LinkedIn Ads,453,19,0,278.03,0.00,0.0000,0.0419
2026-01-18,C006,SummitLoop,Partnerships,397,5,0,169.64,0.00,0.0000,0.0126
2026-01-18,C006,SummitLoop,Outbound Sales,498,3,0,160.58,0.00,0.0000,0.0060
2026-01-18,C006,SummitLoop,Referral,801,69,2,0.00,514.42,0.0290,0.0861
2026-01-19,C006,SummitLoop,SEO,342,15,1,319.66,308.34,0.0667,0.0439
2026-01-19,C006,SummitLoop,Paid Search,510,37,1,734.18,294.87,0.0270,0.0725
2026-01-19,C006,SummitLoop,Content,381,34,1,244.44,363.47,0.0294,0.0892
2026-01-19,C006,SummitLoop,LinkedIn Ads,799,98,1,462.26,294.84,0.0102,0.1227
2026-01-19,C006,SummitLoop,Partnerships,786,74,1,282.05,281.51,0.0135,0.0941
2026-01-19,C006,SummitLoop,Outbound Sales,587,7,0,266.95,0.00,0.0000,0.0119
2026-01-19,C006,SummitLoop,Referral,318,16,0,0.00,0.00,0.0000,0.0503
2026-01-20,C006,SummitLoop,SEO,430,23,1,254.12,316.47,0.0435,0.0535
2026-01-20,C006,SummitLoop,Paid Search,827,99,1,583.64,255.04,0.0101,0.1197
2026-01-20,C006,SummitLoop,Content,0,0,0,194.32,0.00,0.0000,0.0000
2026-01-20,C006,SummitLoop,LinkedIn Ads,488,52,1,367.48,270.68,0.0192,0.1066
2026-01-20,C006,SummitLoop,Partnerships,546,37,1,224.22,274.99,0.0270,0.0678
2026-01-20,C006,SummitLoop,Outbound Sales,156,25,0,212.22,0.00,0.0000,0.1603
2026-01-20,C006,SummitLoop,Referral,582,13,0,0.00,0.00,0.0000,0.0223
2026-01-21,C006,SummitLoop,SEO,158,12,0,174.62,0.00,0.0000,0.0759
2026-01-21,C006,SummitLoop,Paid Search,790,38,1,401.05,325.12,0.0263,0.0481
2026-01-21,C006,SummitLoop,Content,143,10,0,133.53,0.00,0.0000,0.0699
2026-01-21,C006,SummitLoop,LinkedIn Ads,132,3,0,252.52,0.00,0.0000,0.0227
2026-01-21,C006,SummitLoop,Partnerships,336,17,0,154.07,0.00,0.0000,0.0506
2026-01-21,C006,SummitLoop,Outbound Sales,501,2,0,145.83,0.00,0.0000,0.0040
2026-01-21,C006,SummitLoop,Referral,674,43,2,0.00,572.66,0.0465,0.0638
2026-01-22,C006,SummitLoop,SEO,571,23,0,166.24,0.00,0.0000,0.0403
2026-01-22,C006,SummitLoop,Paid Search,669,85,1,381.82,368.53,0.0118,0.1271
2026-01-22,C006,SummitLoop,Content,225,16,0,127.13,0.00,0.0000,0.0711
2026-01-22,C006,SummitLoop,LinkedIn Ads,157,4,0,240.40,0.00,0.0000,0.0255
2026-01-22,C006,SummitLoop,Partnerships,176,21,0,146.68,0.00,0.0000,0.1193
2026-01-22,C006,SummitLoop,Outbound Sales,177,14,0,138.84,0.00,0.0000,0.0791
2026-01-22,C006,SummitLoop,Referral,1055,120,2,0.00,573.88,0.0167,0.1137
2026-01-23,C006,SummitLoop,SEO,311,27,1,440.87,317.86,0.0370,0.0868
2026-01-23,C006,SummitLoop,Paid Search,1302,56,2,1012.58,551.33,0.0357,0.0430
2026-01-23,C006,SummitLoop,Content,408,28,1,337.14,362.88,0.0357,0.0686
2026-01-23,C006,SummitLoop,LinkedIn Ads,439,26,1,637.55,360.86,0.0385,0.0592
2026-01-23,C006,SummitLoop,Partnerships,853,59,1,389.00,368.21,0.0169,0.0692
2026-01-23,C006,SummitLoop,Outbound Sales,1149,119,1,368.19,324.74,0.0084,0.1036
2026-01-23,C006,SummitLoop,Referral,573,14,0,0.00,0.00,0.0000,0.0244
2026-01-24,C006,SummitLoop,SEO,402,2,0,195.16,0.00,0.0000,0.0050
2026-01-24,C006,SummitLoop,Paid Search,409,45,1,448.23,247.24,0.0222,0.1100
2026-01-24,C006,SummitLoop,Content,112,12,0,149.24,0.00,0.0000,0.1071
2026-01-24,C006,SummitLoop,LinkedIn Ads,92,2,0,282.22,0.00,0.0000,0.0217
2026-01-24,C006,SummitLoop,Partnerships,409,15,0,172.20,0.00,0.0000,0.0367
2026-01-24,C006,SummitLoop,Outbound Sales,136,13,0,162.97,0.00,0.0000,0.0956
2026-01-24,C006,SummitLoop,Referral,914,63,2,0.00,711.58,0.0317,0.0689
2026-01-25,C006,SummitLoop,SEO,339,37,1,279.39,300.92,0.0270,0.1091
2026-01-25,C006,SummitLoop,Paid Search,847,100,1,641.69,314.15,0.0100,0.1181
2026-01-25,C006,SummitLoop,Content,370,48,1,213.65,275.58,0.0208,0.1297
2026-01-25,C006,SummitLoop,LinkedIn Ads,745,57,1,404.03,274.47,0.0175,0.0765
2026-01-25,C006,SummitLoop,Partnerships,696,75,1,246.52,291.72,0.0133,0.1078
2026-01-25,C006,SummitLoop,Outbound Sales,185,13,0,233.33,0.00,0.0000,0.0703
2026-01-25,C006,SummitLoop,Referral,175,7,0,0.00,0.00,0.0000,0.0400
2026-01-26,C006,SummitLoop,SEO,354,44,1,349.99,298.07,0.0227,0.1243
2026-01-26,C006,SummitLoop,Paid Search,859,85,1,803.84,264.12,0.0118,0.0990
2026-01-26,C006,SummitLoop,Content,321,27,1,267.64,249.49,0.0370,0.0841
2026-01-26,C006,SummitLoop,LinkedIn Ads,685,95,1,506.12,297.85,0.0105,0.1387
2026-01-26,C006,SummitLoop,Partnerships,838,55,1,308.81,256.96,0.0182,0.0656
2026-01-26,C006,SummitLoop,Outbound Sales,769,92,1,292.28,302.55,0.0109,0.1196
2026-01-26,C006,SummitLoop,Referral,574,22,0,0.00,0.00,0.0000,0.0383
2026-01-27,C006,SummitLoop,SEO,463,1,0,128.49,0.00,0.0000,0.0022
2026-01-27,C006,SummitLoop,Paid Search,586,4,0,295.12,0.00,0.0000,0.0068
2026-01-27,C006,SummitLoop,Content,230,13,0,98.26,0.00,0.0000,0.0565
2026-01-27,C006,SummitLoop,LinkedIn Ads,378,21,0,185.82,0.00,0.0000,0.0556
2026-01-27,C006,SummitLoop,Partnerships,321,25,0,113.38,0.00,0.0000,0.0779
2026-01-27,C006,SummitLoop,Outbound Sales,506,15,0,107.30,0.00,0.0000,0.0296
2026-01-27,C006,SummitLoop,Referral,953,125,2,0.00,664.36,0.0160,0.1312
2026-01-28,C006,SummitLoop,SEO,333,33,1,234.45,351.32,0.0303,0.0991
2026-01-28,C006,SummitLoop,Paid Search,762,54,1,538.48,278.36,0.0185,0.0709
2026-01-28,C006,SummitLoop,Content,233,14,0,179.29,0.00,0.0000,0.0601
2026-01-28,C006,SummitLoop,LinkedIn Ads,527,29,1,339.04,379.31,0.0345,0.0550
2026-01-28,C006,SummitLoop,Partnerships,860,119,1,206.87,260.20,0.0084,0.1384
2026-01-28,C006,SummitLoop,Outbound Sales,138,23,0,195.79,0.00,0.0000,0.1667
2026-01-28,C006,SummitLoop,Referral,170,24,0,0.00,0.00,0.0000,0.1412
2026-01-29,C006,SummitLoop,SEO,469,26,1,225.44,350.73,0.0385,0.0554
2026-01-29,C006,SummitLoop,Paid Search,798,35,1,517.79,246.76,0.0286,0.0439
2026-01-29,C006,SummitLoop,Content,288,11,0,172.40,0.00,0.0000,0.0382
2026-01-29,C006,SummitLoop,LinkedIn Ads,601,22,1,326.02,263.24,0.0455,0.0366
2026-01-29,C006,SummitLoop,Partnerships,349,1,0,198.92,0.00,0.0000,0.0029
2026-01-29,C006,SummitLoop,Outbound Sales,1196,71,1,188.27,330.04,0.0141,0.0594
2026-01-29,C006,SummitLoop,Referral,231,14,0,0.00,0.00,0.0000,0.0606
2026-01-30,C006,SummitLoop,SEO,501,31,1,245.79,275.31,0.0323,0.0619
2026-01-30,C006,SummitLoop,Paid Search,878,52,1,564.53,334.46,0.0192,0.0592
2026-01-30,C006,SummitLoop,Content,230,3,0,187.96,0.00,0.0000,0.0130
2026-01-30,C006,SummitLoop,LinkedIn Ads,857,32,1,355.44,347.19,0.0312,0.0373
2026-01-30,C006,SummitLoop,Partnerships,757,104,1,216.88,301.81,0.0096,0.1374
2026-01-30,C006,SummitLoop,Outbound Sales,236,9,0,205.27,0.00,0.0000,0.0381
2026-01-30,C006,SummitLoop,Referral,321,22,0,0.00,0.00,0.0000,0.0685
2026-01-31,C006,SummitLoop,SEO,407,18,1,256.93,275.32,0.0556,0.0442
2026-01-31,C006,SummitLoop,Paid Search,471,36,1,590.10,335.78,0.0278,0.0764
2026-01-31,C006,SummitLoop,Content,528,61,1,196.47,327.74,0.0164,0.1155
2026-01-31,C006,SummitLoop,LinkedIn Ads,513,66,1,371.54,345.27,0.0152,0.1287
2026-01-31,C006,SummitLoop,Partnerships,572,44,1,226.70,326.20,0.0227,0.0769
2026-01-31,C006,SummitLoop,Outbound Sales,0,0,0,214.57,0.00,0.0000,0.0000
2026-01-31,C006,SummitLoop,Referral,117,25,0,0.00,0.00,0.0000,0.2137
2026-02-01,C006,SummitLoop,SEO,292,3,0,62.41,0.00,0.0000,0.0103
2026-02-01,C006,SummitLoop,Paid Search,481,2,0,143.34,0.00,0.0000,0.0042
2026-02-01,C006,SummitLoop,Content,376,10,0,47.72,0.00,0.0000,0.0266
2026-02-01,C006,SummitLoop,LinkedIn Ads,155,5,0,90.25,0.00,0.0000,0.0323
2026-02-01,C006,SummitLoop,Partnerships,229,1,0,55.07,0.00,0.0000,0.0044
2026-02-01,C006,SummitLoop,Outbound Sales,272,4,0,52.12,0.00,0.0000,0.0147
2026-02-01,C006,SummitLoop,Referral,277,21,1,0.00,292.89,0.0476,0.0758
2026-02-02,C006,SummitLoop,SEO,530,59,1,212.09,283.12,0.0169,0.1113
2026-02-02,C006,SummitLoop,Paid Search,614,75,1,487.12,297.52,0.0133,0.1221
2026-02-02,C006,SummitLoop,Content,461,20,0,162.19,0.00,0.0000,0.0434
2026-02-02,C006,SummitLoop,LinkedIn Ads,462,36,1,306.70,309.93,0.0278,0.0779
2026-02-02,C006,SummitLoop,Partnerships,745,27,1,187.14,264.10,0.0370,0.0362
2026-02-02,C006,SummitLoop,Outbound Sales,456,17,0,177.11,0.00,0.0000,0.0373
2026-02-02,C006,SummitLoop,Referral,211,18,0,0.00,0.00,0.0000,0.0853
2026-02-03,C006,SummitLoop,SEO,514,71,1,320.79,285.05,0.0141,0.1381
2026-02-03,C006,SummitLoop,Paid Search,657,51,1,736.78,322.41,0.0196,0.0776
2026-02-03,C006,SummitLoop,Content,522,46,1,245.31,263.13,0.0217,0.0881
2026-02-03,C006,SummitLoop,LinkedIn Ads,879,114,1,463.90,318.20,0.0088,0.1297
2026-02-03,C006,SummitLoop,Partnerships,524,46,1,283.05,306.15,0.0217,0.0878
2026-02-03,C006,SummitLoop,Outbound Sales,1277,175,1,267.89,324.61,0.0057,0.1370
2026-02-03,C006,SummitLoop,Referral,231,18,0,0.00,0.00,0.0000,0.0779
2026-02-04,C006,SummitLoop,SEO,497,64,1,248.00,299.90,0.0156,0.1288
2026-02-04,C006,SummitLoop,Paid Search,700,85,1,569.61,290.64,0.0118,0.1214
2026-02-04,C006,SummitLoop,Content,547,8,0,189.65,0.00,0.0000,0.0146
2026-02-04,C006,SummitLoop,LinkedIn Ads,475,27,1,358.64,302.27,0.0370,0.0568
2026-02-04,C006,SummitLoop,Partnerships,489,53,1,218.83,268.83,0.0189,0.1084
2026-02-04,C006,SummitLoop,Outbound Sales,252,21,0,207.12,0.00,0.0000,0.0833
2026-02-04,C006,SummitLoop,Referral,309,6,0,0.00,0.00,0.0000,0.0194
2026-02-05,C006,SummitLoop,SEO,548,45,1,378.20,260.97,0.0222,0.0821
2026-02-05,C006,SummitLoop,Paid Search,647,61,1,868.64,324.09,0.0164,0.0943
2026-02-05,C006,SummitLoop,Content,325,25,1,289.21,248.80,0.0400,0.0769
2026-02-05,C006,SummitLoop,LinkedIn Ads,808,60,1,546.92,348.02,0.0167,0.0743
2026-02-05,C006,SummitLoop,Partnerships,512,54,1,333.71,374.61,0.0185,0.1055
2026-02-05,C006,SummitLoop,Outbound Sales,999,90,1,315.85,325.34,0.0111,0.0901
2026-02-05,C006,SummitLoop,Referral,478,1,0,0.00,0.00,0.0000,0.0021
2026-02-06,C006,SummitLoop,SEO,506,66,1,255.17,311.92,0.0152,0.1304
2026-02-06,C006,SummitLoop,Paid Search,517,20,1,586.07,358.32,0.0500,0.0387
2026-02-06,C006,SummitLoop,Content,404,43,1,195.13,305.63,0.0233,0.1064
2026-02-06,C006,SummitLoop,LinkedIn Ads,747,45,1,369.00,256.99,0.0222,0.0602
2026-02-06,C006,SummitLoop,Partnerships,479,21,0,225.15,0.00,0.0000,0.0438
2026-02-06,C006,SummitLoop,Outbound Sales,421,25,0,213.10,0.00,0.0000,0.0594
2026-02-06,C006,SummitLoop,Referral,117,25,0,0.00,0.00,0.0000,0.2137
2026-02-07,C006,SummitLoop,SEO,362,34,1,228.64,280.19,0.0294,0.0939
2026-02-07,C006,SummitLoop,Paid Search,737,92,1,525.13,306.61,0.0109,0.1248
2026-02-07,C006,SummitLoop,Content,104,8,0,174.84,0.00,0.0000,0.0769
2026-02-07,C006,SummitLoop,LinkedIn Ads,658,29,1,330.64,266.63,0.0345,0.0441
2026-02-07,C006,SummitLoop,Partnerships,399,24,0,201.74,0.00,0.0000,0.0602
2026-02-07,C006,SummitLoop,Outbound Sales,1216,60,1,190.94,293.49,0.0167,0.0493
2026-02-07,C006,SummitLoop,Referral,434,22,0,0.00,0.00,0.0000,0.0507
2026-02-08,C006,SummitLoop,SEO,556,11,0,65.76,0.00,0.0000,0.0198
2026-02-08,C006,SummitLoop,Paid Search,246,24,0,151.04,0.00,0.0000,0.0976
2026-02-08,C006,SummitLoop,Content,262,2,0,50.29,0.00,0.0000,0.0076
2026-02-08,C006,SummitLoop,LinkedIn Ads,508,21,0,95.10,0.00,0.0000,0.0413
2026-02-08,C006,SummitLoop,Partnerships,351,1,0,58.03,0.00,0.0000,0.0028
2026-02-08,C006,SummitLoop,Outbound Sales,242,16,0,54.93,0.00,0.0000,0.0661
2026-02-08,C006,SummitLoop,Referral,258,28,1,0.00,370.95,0.0357,0.1085
2026-02-09,C006,SummitLoop,SEO,270,11,1,330.30,336.07,0.0909,0.0407
2026-02-09,C006,SummitLoop,Paid Search,655,48,1,758.63,347.20,0.0208,0.0733
2026-02-09,C006,SummitLoop,Content,347,46,1,252.58,368.72,0.0217,0.1326
2026-02-09,C006,SummitLoop,LinkedIn Ads,761,51,1,477.65,251.96,0.0196,0.0670
2026-02-09,C006,SummitLoop,Partnerships,714,92,1,291.44,303.48,0.0109,0.1289
2026-02-09,C006,SummitLoop,Outbound Sales,0,0,0,275.85,0.00,0.0000,0.0000
2026-02-09,C006,SummitLoop,Referral,602,11,0,0.00,0.00,0.0000,0.0183
2026-02-10,C006,SummitLoop,SEO,327,23,1,277.96,257.08,0.0435,0.0703
2026-02-10,C006,SummitLoop,Paid Search,656,34,1,638.41,350.16,0.0294,0.0518
2026-02-10,C006,SummitLoop,Content,287,23,1,212.56,300.06,0.0435,0.0801
2026-02-10,C006,SummitLoop,LinkedIn Ads,644,79,1,401.96,357.40,0.0127,0.1227
2026-02-10,C006,SummitLoop,Partnerships,847,99,1,245.26,363.85,0.0101,0.1169
2026-02-10,C006,SummitLoop,Outbound Sales,512,14,0,232.13,0.00,0.0000,0.0273
2026-02-10,C006,SummitLoop,Referral,388,8,0,0.00,0.00,0.0000,0.0206
2026-02-11,C006,SummitLoop,SEO,260,35,1,303.32,356.99,0.0286,0.1346
2026-02-11,C006,SummitLoop,Paid Search,671,93,1,696.66,262.95,0.0108,0.1386
2026-02-11,C006,SummitLoop,Content,331,18,1,231.95,288.05,0.0556,0.0544
2026-02-11,C006,SummitLoop,LinkedIn Ads,754,56,1,438.64,376.49,0.0179,0.0743
2026-02-11,C006,SummitLoop,Partnerships,561,57,1,267.64,329.13,0.0175,0.1016
2026-02-11,C006,SummitLoop,Outbound Sales,281,25,0,253.30,0.00,0.0000,0.0890
2026-02-11,C006,SummitLoop,Referral,394,25,0,0.00,0.00,0.0000,0.0635
2026-02-12,C006,SummitLoop,SEO,414,17,1,301.27,309.65,0.0588,0.0411
2026-02-12,C006,SummitLoop,Paid Search,720,42,1,691.95,292.21,0.0238,0.0583
2026-02-12,C006,SummitLoop,Content,336,42,1,230.38,356.99,0.0238,0.1250
2026-02-12,C006,SummitLoop,LinkedIn Ads,653,41,1,435.67,303.59,0.0244,0.0628
2026-02-12,C006,SummitLoop,Partnerships,594,36,1,265.83,248.13,0.0278,0.0606
2026-02-12,C006,SummitLoop,Outbound Sales,178,5,0,251.61,0.00,0.0000,0.0281
2026-02-12,C006,SummitLoop,Referral,386,21,0,0.00,0.00,0.0000,0.0544
2026-02-13,C006,SummitLoop,SEO,433,58,1,246.91,246.18,0.0172,0.1339
2026-02-13,C006,SummitLoop,Paid Search,638,29,1,567.08,334.27,0.0345,0.0455
2026-02-13,C006,SummitLoop,Content,148,5,0,188.81,0.00,0.0000,0.0338
2026-02-13,C006,SummitLoop,LinkedIn Ads,685,63,1,357.05,331.65,0.0159,0.0920
2026-02-13,C006,SummitLoop,Partnerships,423,18,1,217.86,250.08,0.0556,0.0426
2026-02-13,C006,SummitLoop,Outbound Sales,329,3,0,206.20,0.00,0.0000,0.0091
2026-02-13,C006,SummitLoop,Referral,575,18,0,0.00,0.00,0.0000,0.0313
2026-02-14,C006,SummitLoop,SEO,143,11,0,193.31,0.00,0.0000,0.0769
2026-02-14,C006,SummitLoop,Paid Search,679,44,1,444.00,310.07,0.0227,0.0648
2026-02-14,C006,SummitLoop,Content,223,20,0,147.83,0.00,0.0000,0.0897
2026-02-14,C006,SummitLoop,LinkedIn Ads,207,5,0,279.55,0.00,0.0000,0.0242
2026-02-14,C006,SummitLoop,Partnerships,97,14,0,170.57,0.00,0.0000,0.1443
2026-02-14,C006,SummitLoop,Outbound Sales,566,7,0,161.44,0.00,0.0000,0.0124
2026-02-14,C006,SummitLoop,Referral,749,59,2,0.00,681.92,0.0339,0.0788
2026-02-15,C006,SummitLoop,SEO,453,57,1,266.09,333.15,0.0175,0.1258
2026-02-15,C006,SummitLoop,Paid Search,630,73,1,611.14,272.95,0.0137,0.1159
2026-02-15,C006,SummitLoop,Content,318,26,1,203.48,322.92,0.0385,0.0818
2026-02-15,C006,SummitLoop,LinkedIn Ads,833,45,1,384.79,321.17,0.0222,0.0540
2026-02-15,C006,SummitLoop,Partnerships,743,54,1,234.78,309.91,0.0185,0.0727
2026-02-15,C006,SummitLoop,Outbound Sales,388,8,0,222.21,0.00,0.0000,0.0206
2026-02-15,C006,SummitLoop,Referral,282,12,0,0.00,0.00,0.0000,0.0426
2026-02-16,C006,SummitLoop,SEO,479,44,1,330.54,281.46,0.0227,0.0919
2026-02-16,C006,SummitLoop,Paid Search,409,48,1,759.18,339.91,0.0208,0.1174
2026-02-16,C006,SummitLoop,Content,435,20,1,252.77,362.99,0.0500,0.0460
2026-02-16,C006,SummitLoop,LinkedIn Ads,575,65,1,478.00,257.96,0.0154,0.1130
2026-02-16,C006,SummitLoop,Partnerships,455,35,1,291.65,359.36,0.0286,0.0769
2026-02-16,C006,SummitLoop,Outbound Sales,288,6,0,276.04,0.00,0.0000,0.0208
2026-02-16,C006,SummitLoop,Referral,364,20,0,0.00,0.00,0.0000,0.0549
2026-02-17,C006,SummitLoop,SEO,509,48,1,369.12,320.45,0.0208,0.0943
2026-02-17,C006,SummitLoop,Paid Search,431,16,1,847.79,371.71,0.0625,0.0371
2026-02-17,C006,SummitLoop,Content,430,51,1,282.27,289.31,0.0196,0.1186
2026-02-17,C006,SummitLoop,LinkedIn Ads,470,34,1,533.79,297.69,0.0294,0.0723
2026-02-17,C006,SummitLoop,Partnerships,766,84,1,325.70,342.07,0.0119,0.1097
2026-02-17,C006,SummitLoop,Outbound Sales,1148,68,1,308.27,364.75,0.0147,0.0592
2026-02-17,C006,SummitLoop,Referral,85,2,0,0.00,0.00,0.0000,0.0235
2026-02-18,C006,SummitLoop,SEO,548,47,1,292.53,326.45,0.0213,0.0858
2026-02-18,C006,SummitLoop,Paid Search,860,59,1,671.86,321.83,0.0169,0.0686
2026-02-18,C006,SummitLoop,Content,479,60,1,223.70,321.03,0.0167,0.1253
2026-02-18,C006,SummitLoop,LinkedIn Ads,615,53,1,423.03,259.21,0.0189,0.0862
2026-02-18,C006,SummitLoop,Partnerships,578,54,1,258.11,259.20,0.0185,0.0934
2026-02-18,C006,SummitLoop,Outbound Sales,146,20,0,244.29,0.00,0.0000,0.1370
2026-02-18,C006,SummitLoop,Referral,479,7,0,0.00,0.00,0.0000,0.0146
2026-02-19,C006,SummitLoop,SEO,238,14,0,191.37,0.00,0.0000,0.0588
2026-02-19,C006,SummitLoop,Paid Search,448,37,1,439.54,359.84,0.0270,0.0826
2026-02-19,C006,SummitLoop,Content,596,24,0,146.34,0.00,0.0000,0.0403
2026-02-19,C006,SummitLoop,LinkedIn Ads,302,1,0,276.75,0.00,0.0000,0.0033
2026-02-19,C006,SummitLoop,Partnerships,294,24,0,168.86,0.00,0.0000,0.0816
2026-02-19,C006,SummitLoop,Outbound Sales,560,10,0,159.83,0.00,0.0000,0.0179
2026-02-19,C006,SummitLoop,Referral,729,37,2,0.00,583.02,0.0541,0.0508
2026-02-20,C006,SummitLoop,SEO,305,27,1,263.69,383.34,0.0370,0.0885
2026-02-20,C006,SummitLoop,Paid Search,605,29,1,605.64,335.77,0.0345,0.0479
2026-02-20,C006,SummitLoop,Content,293,2,0,201.65,0.00,0.0000,0.0068
2026-02-20,C006,SummitLoop,LinkedIn Ads,663,87,1,381.33,303.29,0.0115,0.1312
2026-02-20,C006,SummitLoop,Partnerships,537,16,0,232.67,0.00,0.0000,0.0298
2026-02-20,C006,SummitLoop,Outbound Sales,1016,78,1,220.21,341.49,0.0128,0.0768
2026-02-20,C006,SummitLoop,Referral,498,16,0,0.00,0.00,0.0000,0.0321
2026-02-21,C006,SummitLoop,SEO,249,21,0,169.61,0.00,0.0000,0.0843
2026-02-21,C006,SummitLoop,Paid Search,756,102,1,389.55,327.96,0.0098,0.1349
2026-02-21,C006,SummitLoop,Content,286,10,0,129.70,0.00,0.0000,0.0350
2026-02-21,C006,SummitLoop,LinkedIn Ads,607,15,0,245.27,0.00,0.0000,0.0247
2026-02-21,C006,SummitLoop,Partnerships,531,5,0,149.65,0.00,0.0000,0.0094
2026-02-21,C006,SummitLoop,Outbound Sales,370,25,0,141.64,0.00,0.0000,0.0676
2026-02-21,C006,SummitLoop,Referral,608,34,2,0.00,698.31,0.0588,0.0559
2026-02-22,C006,SummitLoop,SEO,443,37,1,308.47,350.81,0.0270,0.0835
2026-02-22,C006,SummitLoop,Paid Search,798,82,1,708.49,304.44,0.0122,0.1028
2026-02-22,C006,SummitLoop,Content,397,31,1,235.89,353.28,0.0323,0.0781
2026-02-22,C006,SummitLoop,LinkedIn Ads,823,60,1,446.09,282.65,0.0167,0.0729
2026-02-22,C006,SummitLoop,Partnerships,677,40,1,272.18,269.88,0.0250,0.0591
2026-02-22,C006,SummitLoop,Outbound Sales,269,6,0,257.62,0.00,0.0000,0.0223
2026-02-22,C006,SummitLoop,Referral,112,18,0,0.00,0.00,0.0000,0.1607
2026-02-23,C006,SummitLoop,SEO,268,24,1,274.85,307.85,0.0417,0.0896
2026-02-23,C006,SummitLoop,Paid Search,764,100,1,631.26,383.44,0.0100,0.1309
2026-02-23,C006,SummitLoop,Content,308,39,1,210.18,368.30,0.0256,0.1266
2026-02-23,C006,SummitLoop,LinkedIn Ads,851,55,1,397.46,274.43,0.0182,0.0646
2026-02-23,C006,SummitLoop,Partnerships,620,38,1,242.51,297.65,0.0263,0.0613
2026-02-23,C006,SummitLoop,Outbound Sales,370,5,0,229.54,0.00,0.0000,0.0135
2026-02-23,C006,SummitLoop,Referral,102,17,0,0.00,0.00,0.0000,0.1667
2026-02-24,C006,SummitLoop,SEO,296,24,1,260.52,330.25,0.0417,0.0811
2026-02-24,C006,SummitLoop,Paid Search,556,60,1,598.35,347.58,0.0167,0.1079
2026-02-24,C006,SummitLoop,Content,609,24,0,199.22,0.00,0.0000,0.0394
2026-02-24,C006,SummitLoop,LinkedIn Ads,476,45,1,376.74,276.30,0.0222,0.0945
2026-02-24,C006,SummitLoop,Partnerships,543,63,1,229.87,253.82,0.0159,0.1160
2026-02-24,C006,SummitLoop,Outbound Sales,439,20,0,217.55,0.00,0.0000,0.0456
2026-02-24,C006,SummitLoop,Referral,411,20,0,0.00,0.00,0.0000,0.0487
2026-02-25,C006,SummitLoop,SEO,385,18,1,241.89,305.67,0.0556,0.0468
2026-02-25,C006,SummitLoop,Paid Search,600,52,1,555.56,349.70,0.0192,0.0867
2026-02-25,C006,SummitLoop,Content,0,0,0,184.97,0.00,0.0000,0.0000
2026-02-25,C006,SummitLoop,LinkedIn Ads,671,82,1,349.80,327.80,0.0122,0.1222
2026-02-25,C006,SummitLoop,Partnerships,410,24,0,213.43,0.00,0.0000,0.0585
2026-02-25,C006,SummitLoop,Outbound Sales,611,38,1,202.00,371.85,0.0263,0.0622
2026-02-25,C006,SummitLoop,Referral,441,5,0,0.00,0.00,0.0000,0.0113
2026-02-26,C006,SummitLoop,SEO,296,21,1,218.40,356.86,0.0476,0.0709
2026-02-26,C006,SummitLoop,Paid Search,867,40,1,501.63,276.86,0.0250,0.0461
2026-02-26,C006,SummitLoop,Content,312,1,0,167.02,0.00,0.0000,0.0032
2026-02-26,C006,SummitLoop,LinkedIn Ads,790,94,1,315.84,341.63,0.0106,0.1190
2026-02-26,C006,SummitLoop,Partnerships,252,6,0,192.71,0.00,0.0000,0.0238
2026-02-26,C006,SummitLoop,Outbound Sales,1237,120,1,182.39,246.60,0.0083,0.0970
2026-02-26,C006,SummitLoop,Referral,339,23,0,0.00,0.00,0.0000,0.0678
2026-02-27,C006,SummitLoop,SEO,267,31,1,261.15,328.28,0.0323,0.1161
2026-02-27,C006,SummitLoop,Paid Search,819,80,1,599.81,377.03,0.0125,0.0977
2026-02-27,C006,SummitLoop,Content,322,28,1,199.71,256.00,0.0357,0.0870
2026-02-27,C006,SummitLoop,LinkedIn Ads,682,43,1,377.66,370.82,0.0233,0.0630
2026-02-27,C006,SummitLoop,Partnerships,685,86,1,230.43,258.44,0.0116,0.1255
2026-02-27,C006,SummitLoop,Outbound Sales,205,25,0,218.10,0.00,0.0000,0.1220
2026-02-27,C006,SummitLoop,Referral,336,22,0,0.00,0.00,0.0000,0.0655
2026-02-28,C006,SummitLoop,SEO,504,16,0,114.70,0.00,0.0000,0.0317
2026-02-28,C006,SummitLoop,Paid Search,534,19,0,263.44,0.00,0.0000,0.0356
2026-02-28,C006,SummitLoop,Content,260,18,0,87.71,0.00,0.0000,0.0692
2026-02-28,C006,SummitLoop,LinkedIn Ads,360,4,0,165.87,0.00,0.0000,0.0111
2026-02-28,C006,SummitLoop,Partnerships,426,7,0,101.21,0.00,0.0000,0.0164
2026-02-28,C006,SummitLoop,Outbound Sales,186,4,0,95.80,0.00,0.0000,0.0215
2026-02-28,C006,SummitLoop,Referral,563,33,2,0.00,634.16,0.0606,0.0586
2026-03-01,C006,SummitLoop,SEO,360,23,0,52.99,0.00,0.0000,0.0639
2026-03-01,C006,SummitLoop,Paid Search,362,22,0,121.70,0.00,0.0000,0.0608
2026-03-01,C006,SummitLoop,Content,267,3,0,40.52,0.00,0.0000,0.0112
2026-03-01,C006,SummitLoop,LinkedIn Ads,137,15,0,76.63,0.00,0.0000,0.1095
2026-03-01,C006,SummitLoop,Partnerships,326,6,0,46.75,0.00,0.0000,0.0184
2026-03-01,C006,SummitLoop,Outbound Sales,449,3,0,44.25,0.00,0.0000,0.0067
2026-03-01,C006,SummitLoop,Referral,532,27,1,0.00,344.57,0.0370,0.0508
2026-03-02,C006,SummitLoop,SEO,299,23,0,128.84,0.00,0.0000,0.0769
2026-03-02,C006,SummitLoop,Paid Search,582,13,0,295.91,0.00,0.0000,0.0223
2026-03-02,C006,SummitLoop,Content,585,12,0,98.52,0.00,0.0000,0.0205
2026-03-02,C006,SummitLoop,LinkedIn Ads,412,6,0,186.31,0.00,0.0000,0.0146
2026-03-02,C006,SummitLoop,Partnerships,261,5,0,113.68,0.00,0.0000,0.0192
2026-03-02,C006,SummitLoop,Outbound Sales,506,11,0,107.60,0.00,0.0000,0.0217
2026-03-02,C006,SummitLoop,Referral,1029,68,2,0.00,643.85,0.0294,0.0661
2026-03-03,C006,SummitLoop,SEO,533,63,1,303.86,372.98,0.0159,0.1182
2026-03-03,C006,SummitLoop,Paid Search,673,35,1,697.89,354.47,0.0286,0.0520
2026-03-03,C006,SummitLoop,Content,446,34,1,232.36,306.85,0.0294,0.0762
2026-03-03,C006,SummitLoop,LinkedIn Ads,591,36,1,439.41,359.99,0.0278,0.0609
2026-03-03,C006,SummitLoop,Partnerships,678,54,1,268.11,254.82,0.0185,0.0796
2026-03-03,C006,SummitLoop,Outbound Sales,163,7,0,253.77,0.00,0.0000,0.0429
2026-03-03,C006,SummitLoop,Referral,466,7,0,0.00,0.00,0.0000,0.0150
2026-03-04,C006,SummitLoop,SEO,0,0,0,191.09,0.00,0.0000,0.0000
2026-03-04,C006,SummitLoop,Paid Search,410,37,1,438.88,312.72,0.0270,0.0902
2026-03-04,C006,SummitLoop,Content,529,21,0,146.13,0.00,0.0000,0.0397
2026-03-04,C006,SummitLoop,LinkedIn Ads,380,12,0,276.33,0.00,0.0000,0.0316
2026-03-04,C006,SummitLoop,Partnerships,431,18,0,168.61,0.00,0.0000,0.0418
2026-03-04,C006,SummitLoop,Outbound Sales,243,13,0,159.58,0.00,0.0000,0.0535
2026-03-04,C006,SummitLoop,Referral,903,51,2,0.00,708.51,0.0392,0.0565
2026-03-05,C006,SummitLoop,SEO,539,35,1,328.93,344.43,0.0286,0.0649
2026-03-05,C006,SummitLoop,Paid Search,532,64,1,755.47,372.06,0.0156,0.1203
2026-03-05,C006,SummitLoop,Content,303,25,1,251.53,317.90,0.0400,0.0825
2026-03-05,C006,SummitLoop,LinkedIn Ads,601,79,1,475.67,303.90,0.0127,0.1314
2026-03-05,C006,SummitLoop,Partnerships,779,76,1,290.23,331.76,0.0132,0.0976
2026-03-05,C006,SummitLoop,Outbound Sales,784,62,1,274.69,311.00,0.0161,0.0791
2026-03-05,C006,SummitLoop,Referral,548,17,0,0.00,0.00,0.0000,0.0310
2026-03-06,C006,SummitLoop,SEO,459,18,1,416.63,285.25,0.0556,0.0392
2026-03-06,C006,SummitLoop,Paid Search,1095,127,2,956.91,703.56,0.0157,0.1160
2026-03-06,C006,SummitLoop,Content,330,26,1,318.60,355.59,0.0385,0.0788
2026-03-06,C006,SummitLoop,LinkedIn Ads,586,36,1,602.50,350.71,0.0278,0.0614
2026-03-06,C006,SummitLoop,Partnerships,572,37,1,367.62,296.68,0.0270,0.0647
2026-03-06,C006,SummitLoop,Outbound Sales,1182,58,1,347.95,324.04,0.0172,0.0491
2026-03-06,C006,SummitLoop,Referral,530,6,0,0.00,0.00,0.0000,0.0113
2026-03-07,C006,SummitLoop,SEO,583,10,0,152.67,0.00,0.0000,0.0172
2026-03-07,C006,SummitLoop,Paid Search,443,49,1,350.65,289.99,0.0204,0.1106
2026-03-07,C006,SummitLoop,Content,323,18,0,116.75,0.00,0.0000,0.0557
2026-03-07,C006,SummitLoop,LinkedIn Ads,515,15,0,220.78,0.00,0.0000,0.0291
2026-03-07,C006,SummitLoop,Partnerships,364,16,0,134.71,0.00,0.0000,0.0440
2026-03-07,C006,SummitLoop,Outbound Sales,559,17,0,127.49,0.00,0.0000,0.0304
2026-03-07,C006,SummitLoop,Referral,1077,77,2,0.00,562.05,0.0260,0.0715
2026-03-08,C006,SummitLoop,SEO,173,25,0,113.60,0.00,0.0000,0.1445
2026-03-08,C006,SummitLoop,Paid Search,130,16,0,260.91,0.00,0.0000,0.1231
2026-03-08,C006,SummitLoop,Content,210,18,0,86.87,0.00,0.0000,0.0857
2026-03-08,C006,SummitLoop,LinkedIn Ads,494,20,0,164.28,0.00,0.0000,0.0405
2026-03-08,C006,SummitLoop,Partnerships,127,13,0,100.23,0.00,0.0000,0.1024
2026-03-08,C006,SummitLoop,Outbound Sales,344,13,0,94.87,0.00,0.0000,0.0378
2026-03-08,C006,SummitLoop,Referral,737,75,2,0.00,549.50,0.0267,0.1018
2026-03-09,C006,SummitLoop,SEO,290,32,1,323.74,302.28,0.0312,0.1103
2026-03-09,C006,SummitLoop,Paid Search,837,85,1,743.54,256.83,0.0118,0.1016
2026-03-09,C006,SummitLoop,Content,403,35,1,247.56,305.13,0.0286,0.0868
2026-03-09,C006,SummitLoop,LinkedIn Ads,764,80,1,468.16,359.77,0.0125,0.1047
2026-03-09,C006,SummitLoop,Partnerships,760,72,1,285.65,287.69,0.0139,0.0947
2026-03-09,C006,SummitLoop,Outbound Sales,589,16,0,270.36,0.00,0.0000,0.0272
2026-03-09,C006,SummitLoop,Referral,435,25,0,0.00,0.00,0.0000,0.0575
2026-03-10,C006,SummitLoop,SEO,386,24,1,264.88,303.98,0.0417,0.0622
2026-03-10,C006,SummitLoop,Paid Search,437,54,1,608.38,345.52,0.0185,0.1236
2026-03-10,C006,SummitLoop,Content,367,20,1,202.56,350.94,0.0500,0.0545
2026-03-10,C006,SummitLoop,LinkedIn Ads,478,63,1,383.05,369.43,0.0159,0.1318
2026-03-10,C006,SummitLoop,Partnerships,491,58,1,233.72,270.10,0.0172,0.1181
2026-03-10,C006,SummitLoop,Outbound Sales,261,18,0,221.22,0.00,0.0000,0.0690
2026-03-10,C006,SummitLoop,Referral,298,10,0,0.00,0.00,0.0000,0.0336
2026-03-11,C006,SummitLoop,SEO,496,33,1,260.05,269.31,0.0303,0.0665
2026-03-11,C006,SummitLoop,Paid Search,475,26,1,597.28,327.30,0.0385,0.0547
2026-03-11,C006,SummitLoop,Content,325,2,0,198.86,0.00,0.0000,0.0062
2026-03-11,C006,SummitLoop,LinkedIn Ads,874,85,1,376.06,261.20,0.0118,0.0973
2026-03-11,C006,SummitLoop,Partnerships,671,92,1,229.46,249.30,0.0109,0.1371
2026-03-11,C006,SummitLoop,Outbound Sales,546,17,0,217.18,0.00,0.0000,0.0311
2026-03-11,C006,SummitLoop,Referral,262,16,0,0.00,0.00,0.0000,0.0611
2026-03-12,C006,SummitLoop,SEO,323,13,1,251.06,353.75,0.0769,0.0402
2026-03-12,C006,SummitLoop,Paid Search,794,34,1,576.62,320.03,0.0294,0.0428
2026-03-12,C006,SummitLoop,Content,477,12,0,191.99,0.00,0.0000,0.0252
2026-03-12,C006,SummitLoop,LinkedIn Ads,506,23,1,363.06,318.50,0.0435,0.0455
2026-03-12,C006,SummitLoop,Partnerships,764,100,1,221.52,298.04,0.0100,0.1309
2026-03-12,C006,SummitLoop,Outbound Sales,248,23,0,209.66,0.00,0.0000,0.0927
2026-03-12,C006,SummitLoop,Referral,0,0,0,0.00,0.00,0.0000,0.0000
2026-03-13,C006,SummitLoop,SEO,143,14,0,195.72,0.00,0.0000,0.0979
2026-03-13,C006,SummitLoop,Paid Search,658,58,1,449.53,308.36,0.0172,0.0881
2026-03-13,C006,SummitLoop,Content,271,13,0,149.67,0.00,0.0000,0.0480
2026-03-13,C006,SummitLoop,LinkedIn Ads,120,10,0,283.04,0.00,0.0000,0.0833
2026-03-13,C006,SummitLoop,Partnerships,445,18,0,172.70,0.00,0.0000,0.0404
2026-03-13,C006,SummitLoop,Outbound Sales,159,2,0,163.46,0.00,0.0000,0.0126
2026-03-13,C006,SummitLoop,Referral,501,66,2,0.00,522.24,0.0303,0.1317
2026-03-14,C006,SummitLoop,SEO,217,1,0,53.48,0.00,0.0000,0.0046
2026-03-14,C006,SummitLoop,Paid Search,283,24,0,122.82,0.00,0.0000,0.0848
2026-03-14,C006,SummitLoop,Content,363,8,0,40.89,0.00,0.0000,0.0220
2026-03-14,C006,SummitLoop,LinkedIn Ads,359,20,0,77.33,0.00,0.0000,0.0557
2026-03-14,C006,SummitLoop,Partnerships,0,0,0,47.19,0.00,0.0000,0.0000
2026-03-14,C006,SummitLoop,Outbound Sales,247,21,0,44.66,0.00,0.0000,0.0850
2026-03-14,C006,SummitLoop,Referral,447,33,1,0.00,328.03,0.0303,0.0738
2026-03-15,C006,SummitLoop,SEO,550,8,0,54.27,0.00,0.0000,0.0145
2026-03-15,C006,SummitLoop,Paid Search,551,12,0,124.63,0.00,0.0000,0.0218
2026-03-15,C006,SummitLoop,Content,399,4,0,41.50,0.00,0.0000,0.0100
2026-03-15,C006,SummitLoop,LinkedIn Ads,177,16,0,78.47,0.00,0.0000,0.0904
2026-03-15,C006,SummitLoop,Partnerships,104,8,0,47.88,0.00,0.0000,0.0769
2026-03-15,C006,SummitLoop,Outbound Sales,246,16,0,45.32,0.00,0.0000,0.0650
2026-03-15,C006,SummitLoop,Referral,512,48,1,0.00,279.97,0.0208,0.0938
2026-03-16,C006,SummitLoop,SEO,504,12,0,53.18,0.00,0.0000,0.0238
2026-03-16,C006,SummitLoop,Paid Search,164,9,0,122.15,0.00,0.0000,0.0549
2026-03-16,C006,SummitLoop,Content,279,21,0,40.67,0.00,0.0000,0.0753
2026-03-16,C006,SummitLoop,LinkedIn Ads,280,12,0,76.91,0.00,0.0000,0.0429
2026-03-16,C006,SummitLoop,Partnerships,500,13,0,46.92,0.00,0.0000,0.0260
2026-03-16,C006,SummitLoop,Outbound Sales,278,5,0,44.41,0.00,0.0000,0.0180
2026-03-16,C006,SummitLoop,Referral,363,50,1,0.00,336.41,0.0200,0.1377
2026-03-17,C006,SummitLoop,SEO,314,35,1,392.78,311.56,0.0286,0.1115
2026-03-17,C006,SummitLoop,Paid Search,1333,111,2,902.12,615.79,0.0180,0.0833
2026-03-17,C006,SummitLoop,Content,524,42,1,300.36,262.37,0.0238,0.0802
2026-03-17,C006,SummitLoop,LinkedIn Ads,482,43,1,568.00,280.34,0.0233,0.0892
2026-03-17,C006,SummitLoop,Partnerships,518,35,1,346.57,318.53,0.0286,0.0676
2026-03-17,C006,SummitLoop,Outbound Sales,496,4,0,328.03,0.00,0.0000,0.0081
2026-03-17,C006,SummitLoop,Referral,139,9,0,0.00,0.00,0.0000,0.0647
2026-03-18,C006,SummitLoop,SEO,321,9,0,191.26,0.00,0.0000,0.0280
2026-03-18,C006,SummitLoop,Paid Search,750,70,1,439.28,287.12,0.0143,0.0933
2026-03-18,C006,SummitLoop,Content,245,10,0,146.26,0.00,0.0000,0.0408
2026-03-18,C006,SummitLoop,LinkedIn Ads,544,19,0,276.58,0.00,0.0000,0.0349
2026-03-18,C006,SummitLoop,Partnerships,243,25,0,168.76,0.00,0.0000,0.1029
2026-03-18,C006,SummitLoop,Outbound Sales,140,4,0,159.72,0.00,0.0000,0.0286
2026-03-18,C006,SummitLoop,Referral,640,78,2,0.00,648.75,0.0256,0.1219
2026-03-19,C006,SummitLoop,SEO,220,12,0,126.29,0.00,0.0000,0.0545
2026-03-19,C006,SummitLoop,Paid Search,459,1,0,290.05,0.00,0.0000,0.0022
2026-03-19,C006,SummitLoop,Content,342,11,0,96.57,0.00,0.0000,0.0322
2026-03-19,C006,SummitLoop,LinkedIn Ads,536,16,0,182.62,0.00,0.0000,0.0299
2026-03-19,C006,SummitLoop,Partnerships,400,23,0,111.43,0.00,0.0000,0.0575
2026-03-19,C006,SummitLoop,Outbound Sales,358,15,0,105.47,0.00,0.0000,0.0419
2026-03-19,C006,SummitLoop,Referral,598,35,2,0.00,672.63,0.0571,0.0585
2026-03-20,C006,SummitLoop,SEO,160,5,0,104.66,0.00,0.0000,0.0312
2026-03-20,C006,SummitLoop,Paid Search,429,33,1,240.38,325.12,0.0303,0.0769
2026-03-20,C006,SummitLoop,Content,162,10,0,80.03,0.00,0.0000,0.0617
2026-03-20,C006,SummitLoop,LinkedIn Ads,391,6,0,151.35,0.00,0.0000,0.0153
2026-03-20,C006,SummitLoop,Partnerships,387,14,0,92.35,0.00,0.0000,0.0362
2026-03-20,C006,SummitLoop,Outbound Sales,519,14,0,87.41,0.00,0.0000,0.0270
2026-03-20,C006,SummitLoop,Referral,482,32,1,0.00,373.11,0.0312,0.0664
2026-03-21,C006,SummitLoop,SEO,432,50,1,278.90,250.31,0.0200,0.1157
2026-03-21,C006,SummitLoop,Paid Search,667,78,1,640.57,258.01,0.0128,0.1169
2026-03-21,C006,SummitLoop,Content,538,28,1,213.28,327.54,0.0357,0.0520
2026-03-21,C006,SummitLoop,LinkedIn Ads,568,31,1,403.32,250.72,0.0323,0.0546
2026-03-21,C006,SummitLoop,Partnerships,668,48,1,246.09,293.17,0.0208,0.0719
2026-03-21,C006,SummitLoop,Outbound Sales,411,3,0,232.91,0.00,0.0000,0.0073
2026-03-21,C006,SummitLoop,Referral,506,25,0,0.00,0.00,0.0000,0.0494
2026-03-22,C006,SummitLoop,SEO,391,15,1,206.25,326.81,0.0667,0.0384
2026-03-22,C006,SummitLoop,Paid Search,784,86,1,473.70,368.94,0.0116,0.1097
2026-03-22,C006,SummitLoop,Content,358,24,0,157.72,0.00,0.0000,0.0670
2026-03-22,C006,SummitLoop,LinkedIn Ads,662,35,1,298.25,320.15,0.0286,0.0529
2026-03-22,C006,SummitLoop,Partnerships,682,52,1,181.98,351.59,0.0192,0.0762
2026-03-22,C006,SummitLoop,Outbound Sales,505,17,0,172.24,0.00,0.0000,0.0337
2026-03-22,C006,SummitLoop,Referral,124,23,0,0.00,0.00,0.0000,0.1855
2026-03-23,C006,SummitLoop,SEO,277,35,1,213.04,341.21,0.0286,0.1264
2026-03-23,C006,SummitLoop,Paid Search,499,28,1,489.31,292.92,0.0357,0.0561
2026-03-23,C006,SummitLoop,Content,578,19,0,162.92,0.00,0.0000,0.0329
2026-03-23,C006,SummitLoop,LinkedIn Ads,641,56,1,308.08,350.88,0.0179,0.0874
2026-03-23,C006,SummitLoop,Partnerships,633,55,1,187.98,322.74,0.0182,0.0869
2026-03-23,C006,SummitLoop,Outbound Sales,221,21,0,177.92,0.00,0.0000,0.0950
2026-03-23,C006,SummitLoop,Referral,391,23,0,0.00,0.00,0.0000,0.0588
2026-03-24,C006,SummitLoop,SEO,280,19,1,265.37,322.07,0.0526,0.0679
2026-03-24,C006,SummitLoop,Paid Search,564,67,1,609.48,271.36,0.0149,0.1188
2026-03-24,C006,SummitLoop,Content,428,33,1,202.93,382.95,0.0303,0.0771
2026-03-24,C006,SummitLoop,LinkedIn Ads,722,37,1,383.75,288.92,0.0270,0.0512
2026-03-24,C006,SummitLoop,Partnerships,625,22,1,234.15,377.12,0.0455,0.0352
2026-03-24,C006,SummitLoop,Outbound Sales,160,22,0,221.61,0.00,0.0000,0.1375
2026-03-24,C006,SummitLoop,Referral,285,4,0,0.00,0.00,0.0000,0.0140
2026-03-25,C006,SummitLoop,SEO,468,44,1,253.95,366.67,0.0227,0.0940
2026-03-25,C006,SummitLoop,Paid Search,585,45,1,583.27,270.44,0.0222,0.0769
2026-03-25,C006,SummitLoop,Content,0,0,0,194.20,0.00,0.0000,0.0000
2026-03-25,C006,SummitLoop,LinkedIn Ads,466,35,1,367.25,319.46,0.0286,0.0751
2026-03-25,C006,SummitLoop,Partnerships,100,14,0,224.08,0.00,0.0000,0.1400
2026-03-25,C006,SummitLoop,Outbound Sales,871,60,1,212.08,299.94,0.0167,0.0689
2026-03-25,C006,SummitLoop,Referral,101,13,0,0.00,0.00,0.0000,0.1287
2026-03-26,C006,SummitLoop,SEO,501,50,1,303.92,262.27,0.0200,0.0998
2026-03-26,C006,SummitLoop,Paid Search,681,66,1,698.04,253.71,0.0152,0.0969
2026-03-26,C006,SummitLoop,Content,441,22,1,232.41,248.82,0.0455,0.0499
2026-03-26,C006,SummitLoop,LinkedIn Ads,475,26,1,439.51,350.18,0.0385,0.0547
2026-03-26,C006,SummitLoop,Partnerships,734,53,1,268.17,324.96,0.0189,0.0722
2026-03-26,C006,SummitLoop,Outbound Sales,539,19,0,253.82,0.00,0.0000,0.0353
2026-03-26,C006,SummitLoop,Referral,397,15,0,0.00,0.00,0.0000,0.0378
2026-03-27,C006,SummitLoop,SEO,335,31,1,261.88,284.49,0.0323,0.0925
2026-03-27,C006,SummitLoop,Paid Search,558,49,1,601.48,322.61,0.0204,0.0878
2026-03-27,C006,SummitLoop,Content,448,12,0,200.26,0.00,0.0000,0.0268
2026-03-27,C006,SummitLoop,LinkedIn Ads,536,65,1,378.71,350.88,0.0154,0.1213
2026-03-27,C006,SummitLoop,Partnerships,594,74,1,231.07,355.32,0.0135,0.1246
2026-03-27,C006,SummitLoop,Outbound Sales,403,1,0,218.71,0.00,0.0000,0.0025
2026-03-27,C006,SummitLoop,Referral,523,25,0,0.00,0.00,0.0000,0.0478
2026-03-28,C006,SummitLoop,SEO,535,24,0,153.93,0.00,0.0000,0.0449
2026-03-28,C006,SummitLoop,Paid Search,462,33,1,353.54,296.16,0.0303,0.0714
2026-03-28,C006,SummitLoop,Content,105,21,0,117.71,0.00,0.0000,0.2000
2026-03-28,C006,SummitLoop,LinkedIn Ads,601,13,0,222.60,0.00,0.0000,0.0216
2026-03-28,C006,SummitLoop,Partnerships,161,18,0,135.82,0.00,0.0000,0.1118
2026-03-28,C006,SummitLoop,Outbound Sales,432,18,0,128.54,0.00,0.0000,0.0417
2026-03-28,C006,SummitLoop,Referral,840,34,2,0.00,758.83,0.0588,0.0405
2026-03-29,C006,SummitLoop,SEO,407,1,0,189.95,0.00,0.0000,0.0025
2026-03-29,C006,SummitLoop,Paid Search,848,36,1,436.27,374.41,0.0278,0.0425
2026-03-29,C006,SummitLoop,Content,410,23,0,145.25,0.00,0.0000,0.0561
2026-03-29,C006,SummitLoop,LinkedIn Ads,323,3,0,274.69,0.00,0.0000,0.0093
2026-03-29,C006,SummitLoop,Partnerships,572,21,0,167.60,0.00,0.0000,0.0367
2026-03-29,C006,SummitLoop,Outbound Sales,294,24,0,158.63,0.00,0.0000,0.0816
2026-03-29,C006,SummitLoop,Referral,1096,118,2,0.00,712.60,0.0169,0.1077
2026-03-30,C006,SummitLoop,SEO,305,12,1,316.12,305.35,0.0833,0.0393
2026-03-30,C006,SummitLoop,Paid Search,491,59,1,726.06,343.20,0.0169,0.1202
2026-03-30,C006,SummitLoop,Content,313,33,1,241.74,323.73,0.0303,0.1054
2026-03-30,C006,SummitLoop,LinkedIn Ads,538,21,1,457.15,372.91,0.0476,0.0390
2026-03-30,C006,SummitLoop,Partnerships,766,92,1,278.93,369.35,0.0109,0.1201
2026-03-30,C006,SummitLoop,Outbound Sales,349,5,0,264.01,0.00,0.0000,0.0143
2026-03-30,C006,SummitLoop,Referral,265,22,0,0.00,0.00,0.0000,0.0830
2026-03-31,C006,SummitLoop,SEO,102,22,0,158.82,0.00,0.0000,0.2157
2026-03-31,C006,SummitLoop,Paid Search,509,60,1,364.78,284.13,0.0167,0.1179
2026-03-31,C006,SummitLoop,Content,234,2,0,121.45,0.00,0.0000,0.0085
2026-03-31,C006,SummitLoop,LinkedIn Ads,176,10,0,229.68,0.00,0.0000,0.0568
2026-03-31,C006,SummitLoop,Partnerships,534,1,0,140.14,0.00,0.0000,0.0019
2026-03-31,C006,SummitLoop,Outbound Sales,323,17,0,132.64,0.00,0.0000,0.0526
2026-03-31,C006,SummitLoop,Referral,502,61,2,0.00,569.76,0.0328,0.1215
